Geneid	Dif_D6_1_S4	Dif_D6_2_S3	Dif_D6_3_S2	Dif_D6_4_S1	Undif_D2_1_S8	Undif_D2_2_S7	Undif_D2_3_S6	Undif_D2_4_S5
ENSMUSG00002075390.1	0	0	0	0	0	0	0	0
ENSMUSG00000084663.3	0	0	0	0	0	0	0	0
ENSMUSG00000119616.1	0	0	0	0	0	0	0	0
ENSMUSG00002076673.1	0	0	0	0	0	0	0	0
ENSMUSG00000099289.3	0	0	0	0	0	0	0	0
ENSMUSG00000076140.3	5221	3001	4235	3532	100	308	301	320
ENSMUSG00000065536.4	687	1329	1480	1076	216	580	105	146
ENSMUSG00002075482.1	0	0	0	0	0	0	0	0
ENSMUSG00002075992.1	4	2	14	5	0	0	0	0
ENSMUSG00000093003.3	0	0	0	0	0	0	0	0
ENSMUSG00000065481.3	223	134	199	196	423	821	156	256
ENSMUSG00002076765.1	0	0	1	0	0	0	0	0
ENSMUSG00000099261.3	8	6	18	12	6	22	1	3
ENSMUSG00002075601.1	0	0	0	0	0	0	0	0
ENSMUSG00000098580.3	0	0	0	0	0	0	0	0
ENSMUSG00002074893.1	0	0	0	0	0	0	0	0
ENSMUSG00000065573.3	159	71	131	77	15	33	1	5
ENSMUSG00002075156.1	0	0	0	0	0	0	0	0
ENSMUSG00002076857.1	0	0	0	0	0	0	0	0
ENSMUSG00002074920.1	0	0	0	0	0	0	0	0
ENSMUSG00000065600.3	0	0	0	0	0	0	0	0
ENSMUSG00002075666.1	0	0	0	0	0	0	0	0
ENSMUSG00002075248.1	0	0	0	0	0	0	0	0
ENSMUSG00002075758.1	0	0	0	0	0	0	0	0
ENSMUSG00002075193.1	2	0	0	0	0	0	0	0
ENSMUSG00000105030.3	0	0	0	0	0	0	0	0
ENSMUSG00000092990.3	0	0	0	0	0	0	0	0
ENSMUSG00000104914.3	6	3	17	15	0	16	0	2
ENSMUSG00000093763.3	8	3	2	0	0	1	0	3
ENSMUSG00000098346.3	35	18	44	16	7	22	1	7
ENSMUSG00000104979.3	2	6	13	5	6	16	1	0
ENSMUSG00002075312.1	0	0	0	0	0	0	0	0
ENSMUSG00002076058.1	0	0	0	3	0	0	0	0
ENSMUSG00000093290.3	0	0	0	0	0	0	0	0
ENSMUSG00002075377.1	0	0	0	0	0	0	0	0
ENSMUSG00002076716.1	0	0	0	0	0	0	0	0
ENSMUSG00000084651.3	0	0	0	0	0	0	0	0
ENSMUSG00000076127.3	0	0	0	0	0	0	0	0
ENSMUSG00000106471.3	0	0	0	0	0	0	0	0
ENSMUSG00000065497.3	0	0	0	0	0	0	0	0
ENSMUSG00000098531.3	0	0	0	0	0	2	0	5
ENSMUSG00002076661.1	0	0	0	0	0	0	0	0
ENSMUSG00000065524.3	0	2	0	2	0	0	0	1
ENSMUSG00002076808.1	0	0	0	0	0	0	0	0
ENSMUSG00002075980.1	0	0	0	0	0	0	0	0
ENSMUSG00000098596.3	2	6	3	1	1	17	0	4
ENSMUSG00002076243.1	0	0	0	0	0	0	0	0
ENSMUSG00000106563.3	8	2	0	0	0	0	0	0
ENSMUSG00000065589.3	343	265	327	248	35	108	13	40
ENSMUSG00000098623.3	0	0	0	0	0	0	0	0
ENSMUSG00002076753.1	0	0	0	0	0	0	0	0
ENSMUSG00000105372.3	0	0	0	0	0	0	0	0
ENSMUSG00000065616.5	305	394	414	326	2035	8946	1882	4061
ENSMUSG00002075562.1	4	0	1	0	0	0	0	0
ENSMUSG00000106145.3	11	36	13	20	19	51	2	4
ENSMUSG00002076335.1	0	0	0	0	0	0	0	0
ENSMUSG00000106655.3	3	0	0	0	0	0	0	0
ENSMUSG00000065561.4	293	113	231	171	64	249	28	46
ENSMUSG00002076845.1	0	0	0	0	0	0	0	0
ENSMUSG00000076312.3	5126	3452	4255	3050	1228	3950	1028	2359
ENSMUSG00002076280.1	0	0	0	0	0	0	0	0
ENSMUSG00000098660.3	0	0	0	0	0	0	0	0
ENSMUSG00000076377.4	0	0	0	0	0	0	0	0
ENSMUSG00000098807.4	185	62	140	99	35	134	8	23
ENSMUSG00000098752.3	6	0	4	0	0	1	0	0
ENSMUSG00002076519.1	0	0	0	0	0	0	0	0
ENSMUSG00000099015.3	0	0	0	0	0	0	0	0
ENSMUSG00000098334.3	6	12	12	8	3	5	2	2
ENSMUSG00002075273.1	0	0	2	0	0	0	0	0
ENSMUSG00002075300.1	0	0	0	0	0	0	0	0
ENSMUSG00000106366.3	0	0	0	0	0	0	0	0
ENSMUSG00000092652.3	0	0	0	0	0	3	0	0
ENSMUSG00002075365.1	0	0	0	0	0	0	0	0
ENSMUSG00002076138.1	2	5	0	6	0	3	0	1
ENSMUSG00002075550.1	1	0	0	0	0	0	0	0
ENSMUSG00000092781.3	0	0	0	0	0	0	0	0
ENSMUSG00002076296.1	0	0	0	0	0	0	0	0
ENSMUSG00000089406.3	2	0	0	1	0	0	0	0
ENSMUSG00000098676.3	0	0	0	0	0	0	0	0
ENSMUSG00002076388.1	0	0	0	0	0	0	0	0
ENSMUSG00000070107.2	0	0	0	0	0	0	0	0
ENSMUSG00002076925.1	0	0	0	0	0	0	0	0
ENSMUSG00000099003.3	0	0	0	0	0	0	0	0
ENSMUSG00000076457.3	0	0	0	0	0	0	0	0
ENSMUSG00002075799.1	0	0	0	0	0	0	0	0
ENSMUSG00000070144.3	1	0	0	0	0	0	0	0
ENSMUSG00000106409.3	0	0	0	0	0	0	0	0
ENSMUSG00000092639.3	0	0	0	0	0	0	0	0
ENSMUSG00002076034.1	4	0	0	0	0	0	0	1
ENSMUSG00000098414.3	22	9	16	10	0	1	0	0
ENSMUSG00000076011.3	842	706	1203	877	208	477	159	414
ENSMUSG00000065407.3	0	0	0	0	0	0	0	0
ENSMUSG00002075353.1	0	0	0	0	0	0	0	0
ENSMUSG00002076099.1	58	46	65	49	5	34	6	7
ENSMUSG00002075445.1	0	0	0	0	0	0	0	0
ENSMUSG00000078041.3	0	0	0	0	0	0	0	0
ENSMUSG00000077925.3	0	0	0	0	0	0	0	0
ENSMUSG00002075027.1	0	0	0	0	0	0	0	0
ENSMUSG00002075537.1	0	0	0	0	0	0	0	2
ENSMUSG00002076794.1	0	0	0	0	0	0	0	0
ENSMUSG00000099290.3	4	2	0	15	0	0	0	0
ENSMUSG00000077962.3	0	0	3	0	0	0	4	0
ENSMUSG00000104758.3	0	0	0	0	0	0	0	0
ENSMUSG00002075630.1	0	0	0	0	0	0	0	0
ENSMUSG00000093097.3	24	21	15	15	3	12	0	3
ENSMUSG00002074948.1	0	0	0	0	0	0	0	0
ENSMUSG00002076376.1	0	0	0	0	0	0	0	0
ENSMUSG00002076886.1	0	0	0	1	0	0	0	0
ENSMUSG00002076913.1	4	4	0	0	0	0	0	0
ENSMUSG00002076978.1	0	0	0	0	0	0	0	0
ENSMUSG00002075787.1	0	0	0	0	0	0	0	0
ENSMUSG00002075814.1	0	0	0	0	0	0	0	0
ENSMUSG00000098310.2	0	0	2	2	2	0	0	0
ENSMUSG00002075906.1	0	0	0	0	0	0	0	0
ENSMUSG00000098885.3	0	2	2	2	0	3	0	0
ENSMUSG00002075341.1	0	0	0	0	0	0	0	0
ENSMUSG00002075851.1	0	0	0	0	0	0	0	0
ENSMUSG00002076114.1	0	0	0	0	0	0	0	0
ENSMUSG00002076597.1	0	0	0	0	0	0	0	0
ENSMUSG00000099093.3	0	0	4	0	0	0	5	0
ENSMUSG00000076064.3	0	0	0	0	0	0	0	0
ENSMUSG00002076624.1	0	0	0	0	0	0	0	0
ENSMUSG00002075433.1	0	0	0	0	0	0	0	0
ENSMUSG00002076179.1	0	0	0	0	0	0	0	0
ENSMUSG00000099185.3	0	0	0	0	0	0	0	0
ENSMUSG00000065432.3	9	5	3	2	5	8	0	0
ENSMUSG00000099212.3	4	4	3	3	4	1	0	1
ENSMUSG00000080331.3	0	0	0	3	0	0	0	0
ENSMUSG00002075617.1	0	0	0	0	0	0	0	0
ENSMUSG00002075052.1	0	0	0	0	0	0	0	0
ENSMUSG00000087993.3	0	0	0	0	0	0	0	0
ENSMUSG00000065590.3	324	255	367	209	29	87	16	21
ENSMUSG00002076901.1	0	0	0	0	0	0	0	0
ENSMUSG00002075144.1	0	0	0	0	0	0	0	2
ENSMUSG00000119344.1	0	0	0	0	0	0	0	0
ENSMUSG00002075775.1	0	0	0	0	0	0	0	0
ENSMUSG00000093269.3	0	1	4	2	0	0	6	2
ENSMUSG00002075236.1	0	0	0	0	0	0	0	0
ENSMUSG00002076548.1	0	0	0	0	0	0	0	0
ENSMUSG00000119436.1	0	0	0	0	0	0	0	0
ENSMUSG00002075867.1	0	0	2	0	0	0	0	0
ENSMUSG00000098363.3	2	9	0	7	0	0	0	3
ENSMUSG00000105138.3	1	5	3	2	0	0	0	0
ENSMUSG00002076010.1	0	0	0	0	0	0	0	0
ENSMUSG00000093241.3	6	12	2	1	0	0	0	0
ENSMUSG00000098873.3	0	0	0	0	0	0	0	0
ENSMUSG00002076520.1	0	0	0	0	0	0	0	0
ENSMUSG00002076075.1	0	0	0	0	0	0	0	0
ENSMUSG00002075959.1	0	0	0	0	0	0	0	0
ENSMUSG00002076585.1	0	0	0	0	0	0	0	0
ENSMUSG00000076052.3	1701	1561	1759	1322	607	1872	608	634
ENSMUSG00000065448.4	19	12	1	5	6	0	3	0
ENSMUSG00000098547.3	30	20	34	20	19	8	5	16
ENSMUSG00002076677.1	3	0	0	0	0	0	0	0
ENSMUSG00000106514.3	12	17	33	8	1	4	6	3
ENSMUSG00000076144.3	0	1	0	0	0	0	0	0
ENSMUSG00000065420.4	0	0	0	0	0	0	0	0
ENSMUSG00002075486.1	0	0	0	0	0	0	0	0
ENSMUSG00002076704.1	0	0	0	0	0	0	0	0
ENSMUSG00000099200.3	0	0	0	0	0	0	0	0
ENSMUSG00002075513.1	0	0	0	0	0	0	0	0
ENSMUSG00002075996.1	0	0	0	0	0	0	0	0
ENSMUSG00000093007.3	57	58	68	46	12	40	6	25
ENSMUSG00000065485.3	0	1	0	0	0	0	0	0
ENSMUSG00000076236.3	0	0	0	0	0	0	0	0
ENSMUSG00000065512.5	0	0	0	0	0	0	0	0
ENSMUSG00000080411.3	8	6	2	2	1	2	2	4
ENSMUSG00000065577.3	17	24	38	27	24	33	11	22
ENSMUSG00000098611.3	0	0	0	0	0	0	0	0
ENSMUSG00000065604.4	9	12	36	12	4	11	0	2
ENSMUSG00000098258.3	0	0	0	0	0	0	0	0
ENSMUSG00000070081.4	55	135	114	70	62	200	57	72
ENSMUSG00002075289.1	0	0	0	0	0	0	0	0
ENSMUSG00002075316.1	0	0	0	0	0	0	0	0
ENSMUSG00000088373.5	0	0	0	0	0	0	0	0
ENSMUSG00000119006.1	0	0	0	0	0	0	0	0
ENSMUSG00002075290.1	0	0	2	0	0	0	0	0
ENSMUSG00002075382.1	0	0	0	0	0	0	0	0
ENSMUSG00000119608.1	0	0	0	0	0	0	0	0
ENSMUSG00000099161.3	0	0	0	0	0	0	0	0
ENSMUSG00000065528.3	50179	41716	55752	45324	13811	33447	9742	16518
ENSMUSG00000099308.3	0	0	0	0	0	0	0	0
ENSMUSG00000084747.3	0	0	0	0	0	0	0	0
ENSMUSG00002075501.1	6	14	11	10	0	2	6	18
ENSMUSG00002075984.1	0	0	0	0	0	0	0	0
ENSMUSG00000098480.3	0	0	0	0	0	0	0	0
ENSMUSG00002076247.1	0	0	0	0	0	0	0	0
ENSMUSG00000065473.3	4	0	1	5	0	0	0	0
ENSMUSG00000065500.5	1813	1472	1642	1371	461	1770	464	503
ENSMUSG00002075566.1	0	0	3	0	0	0	0	0
ENSMUSG00002076192.1	0	0	0	0	0	0	0	0
ENSMUSG00000105913.3	0	0	0	0	0	0	0	0
ENSMUSG00002076339.1	0	0	0	1	0	0	0	0
ENSMUSG00000098719.3	0	1	3	0	0	2	0	0
ENSMUSG00000065565.3	6	0	2	1	0	1	0	2
ENSMUSG00002076849.1	0	0	0	0	0	0	0	0
ENSMUSG00002074912.1	0	0	0	0	0	0	0	0
ENSMUSG00000105468.3	0	0	0	0	0	3	0	8
ENSMUSG00000076316.3	0	0	0	0	0	2	0	0
ENSMUSG00000077991.3	254	201	362	358	96	206	36	47
ENSMUSG00002074977.1	0	0	0	0	0	0	0	0
ENSMUSG00002076942.1	5	10	14	2	1	18	3	2
ENSMUSG00000098756.3	10	7	6	2	2	3	0	1
ENSMUSG00000084458.3	0	0	0	0	0	0	0	0
ENSMUSG00000119385.1	0	2	11	3	0	0	0	2
ENSMUSG00000106278.3	5	13	8	9	1	3	3	0
ENSMUSG00000098338.3	0	0	0	0	2	2	0	0
ENSMUSG00000118731.1	0	0	0	0	0	0	0	0
ENSMUSG00002076561.1	0	0	0	0	0	0	0	0
ENSMUSG00002075880.1	0	0	0	0	0	0	0	0
ENSMUSG00000076119.3	0	0	0	0	0	0	0	0
ENSMUSG00000106463.3	0	0	0	0	0	0	0	0
ENSMUSG00000078057.2	0	0	0	0	0	0	0	0
ENSMUSG00002075462.1	0	0	0	0	0	0	0	0
ENSMUSG00000077886.3	0	0	0	0	0	0	0	0
ENSMUSG00002076745.1	0	0	0	0	0	0	0	0
ENSMUSG00000076212.3	6	0	1	0	0	0	0	0
ENSMUSG00000065553.3	4	9	8	11	7	7	1	0
ENSMUSG00002075646.1	0	0	0	0	0	0	0	0
ENSMUSG00000080452.5	0	0	0	0	0	0	0	0
ENSMUSG00002075081.1	0	0	1	0	0	0	0	0
ENSMUSG00002076419.1	0	0	0	0	0	0	0	0
ENSMUSG00002075591.1	0	0	0	0	0	0	0	0
ENSMUSG00002075738.1	0	0	0	0	0	0	0	0
ENSMUSG00002076364.1	0	0	0	0	0	0	0	0
ENSMUSG00000105010.3	0	0	0	0	0	0	0	0
ENSMUSG00002075683.1	0	0	0	0	0	0	0	0
ENSMUSG00000098299.3	0	8	1	3	0	0	0	5
ENSMUSG00002075710.1	0	0	0	0	0	0	0	0
ENSMUSG00002076456.1	0	0	0	0	0	0	0	0
ENSMUSG00000118692.1	0	0	0	0	0	4	0	0
ENSMUSG00000105167.4	75582	154369	156338	146236	947	4117	3677	12020
ENSMUSG00000098928.3	55	64	36	46	7	37	12	23
ENSMUSG00000093270.3	3	6	5	2	0	0	7	1
ENSMUSG00000104996.3	0	0	3	0	0	2	2	0
ENSMUSG00000089214.3	0	0	2	0	0	0	0	0
ENSMUSG00002075449.1	0	0	0	0	0	0	0	0
ENSMUSG00002076641.1	0	0	0	0	0	0	0	0
ENSMUSG00000105770.3	0	0	0	0	0	0	0	0
ENSMUSG00002075960.1	0	0	0	2	0	0	1	0
ENSMUSG00000119111.1	0	0	0	0	0	0	0	0
ENSMUSG00000093036.3	0	0	2	0	0	0	0	0
ENSMUSG00002076798.1	1	1	3	0	0	0	0	0
ENSMUSG00000072900.4	22	13	29	22	5	26	1	1
ENSMUSG00000065541.3	0	0	0	0	0	0	0	0
ENSMUSG00002076825.1	0	0	0	0	0	0	0	0
ENSMUSG00000099321.3	0	0	0	0	0	0	0	0
ENSMUSG00002075068.1	0	0	0	0	0	0	0	0
ENSMUSG00002076260.1	0	0	0	0	0	1	0	0
ENSMUSG00000106580.3	6	5	7	6	0	0	0	0
ENSMUSG00002076407.1	0	0	0	0	0	0	0	0
ENSMUSG00002074953.1	0	0	0	0	0	0	0	0
ENSMUSG00000076357.3	0	0	0	0	0	0	0	0
ENSMUSG00002076917.1	5	11	7	9	1	4	0	2
ENSMUSG00000093073.3	0	0	0	0	0	0	0	0
ENSMUSG00000093100.3	0	0	1	0	0	0	0	0
ENSMUSG00000098287.3	0	0	0	0	0	0	0	0
ENSMUSG00000119361.1	11	14	5	1	0	0	2	3
ENSMUSG00000076959.3	1860	3764	4565	2869	384	992	356	536
ENSMUSG00000070136.3	15	5	11	10	2	5	0	6
ENSMUSG00000098797.3	1	0	1	0	0	0	0	0
ENSMUSG00002074990.1	2	1	0	0	0	0	0	0
ENSMUSG00000098824.3	9	4	4	2	0	0	4	3
ENSMUSG00002075763.1	0	0	0	0	0	0	0	0
ENSMUSG00000098379.3	0	0	2	0	0	0	0	0
ENSMUSG00000098406.3	0	0	0	0	0	0	0	0
ENSMUSG00002075345.1	0	0	0	0	0	0	0	0
ENSMUSG00002076118.1	0	0	0	0	0	0	0	0
ENSMUSG00000076068.3	0	0	0	0	0	0	0	0
ENSMUSG00000099124.3	61	6	21	4	17	10	14	56
ENSMUSG00000104566.3	0	0	11	0	0	1	0	0
ENSMUSG00000098443.3	0	0	3	0	0	0	0	0
ENSMUSG00000065436.3	841	975	1251	693	454	900	238	407
ENSMUSG00002075019.1	0	0	0	0	0	0	0	0
ENSMUSG00000105849.3	0	0	0	0	0	0	0	0
ENSMUSG00000092761.2	0	0	0	0	0	0	0	0
ENSMUSG00002074848.1	0	0	0	3	0	0	0	0
ENSMUSG00000087932.3	1	0	0	1	0	0	0	0
ENSMUSG00000077954.3	1	12	7	5	0	1	0	1
ENSMUSG00002076813.1	0	0	0	0	0	0	0	0
ENSMUSG00000093599.3	22	9	16	5	1	0	0	0
ENSMUSG00000065594.3	9	7	8	10	7	5	4	7
ENSMUSG00002076878.1	0	0	0	0	0	0	0	0
ENSMUSG00000093061.3	0	0	0	0	0	0	0	0
ENSMUSG00002075148.1	0	0	0	0	0	0	0	0
ENSMUSG00000098785.3	0	0	0	0	0	0	0	0
ENSMUSG00002076432.1	0	0	0	0	0	0	0	0
ENSMUSG00000098812.3	0	0	0	4	0	0	0	0
ENSMUSG00002075241.1	0	0	0	0	0	0	0	0
ENSMUSG00000084514.2	0	0	0	0	0	0	0	0
ENSMUSG00002075751.1	0	0	0	0	0	0	0	0
ENSMUSG00002076014.1	0	0	0	0	0	0	0	0
ENSMUSG00002076524.1	0	1	3	0	0	0	0	0
ENSMUSG00000098904.3	9	6	5	0	8	7	1	0
ENSMUSG00002076079.1	1	0	0	0	0	0	0	0
ENSMUSG00002076106.1	0	0	0	0	0	0	0	0
ENSMUSG00002076589.1	0	0	0	0	0	0	0	0
ENSMUSG00002075935.1	0	0	0	0	0	0	0	0
ENSMUSG00000065397.3	0	0	0	0	0	0	0	0
ENSMUSG00000098431.3	0	0	0	0	0	0	0	0
ENSMUSG00000065424.4	0	0	0	0	0	0	0	0
ENSMUSG00002075370.1	0	5	1	1	0	0	0	0
ENSMUSG00002076143.1	0	0	0	0	0	0	0	0
ENSMUSG00000065489.3	138	236	238	155	17	177	21	87
ENSMUSG00000076120.3	0	0	0	0	0	0	0	0
ENSMUSG00000065516.3	0	0	0	0	0	0	0	0
ENSMUSG00000065490.3	15	20	39	58	7	12	6	12
ENSMUSG00000098588.3	0	0	0	0	0	0	0	0
ENSMUSG00000065608.3	0	0	0	0	0	0	0	0
ENSMUSG00000065582.3	129	118	108	88	9	29	1	17
ENSMUSG00002076866.1	1	4	0	3	0	1	0	0
ENSMUSG00000093169.3	32	67	35	35	13	35	4	15
ENSMUSG00002075136.1	0	0	0	0	0	0	0	0
ENSMUSG00002076958.1	0	0	0	0	0	0	0	0
ENSMUSG00000080573.3	3	0	1	1	0	0	0	0
ENSMUSG00000092998.3	1258	3763	4008	2506	549	1449	717	1539
ENSMUSG00002076930.1	0	0	0	0	0	0	0	0
ENSMUSG00000080665.3	0	0	0	0	0	0	0	0
ENSMUSG00002076485.1	0	0	0	0	0	0	0	0
ENSMUSG00002075294.1	0	0	0	0	0	0	0	0
ENSMUSG00002076512.1	0	0	0	0	0	0	0	0
ENSMUSG00002075321.1	0	0	0	0	0	0	0	0
ENSMUSG00000076972.4	300	245	303	233	40	139	40	73
ENSMUSG00002076067.1	0	0	0	0	0	0	0	0
ENSMUSG00002075831.1	0	0	0	0	0	0	0	0
ENSMUSG00000093298.3	0	0	0	0	0	0	0	0
ENSMUSG00002076577.1	0	0	0	0	0	0	0	0
ENSMUSG00000098957.3	33	22	28	26	1	18	3	0
ENSMUSG00000078008.3	0	0	0	0	0	0	0	0
ENSMUSG00002075413.1	0	0	0	0	0	0	0	0
ENSMUSG00002075896.1	0	0	0	3	0	0	2	0
ENSMUSG00000088980.3	0	0	1	0	0	0	0	0
ENSMUSG00000106479.3	0	0	0	0	0	0	0	0
ENSMUSG00000098539.3	0	0	0	0	0	0	0	0
ENSMUSG00000099165.3	6	3	3	0	7	2	1	0
ENSMUSG00000065412.5	0	0	0	0	0	0	0	0
ENSMUSG00002075478.1	0	0	0	3	0	0	0	0
ENSMUSG00000098511.3	0	0	0	0	0	0	0	0
ENSMUSG00000065477.5	403	228	254	166	48	195	51	67
ENSMUSG00000099257.3	0	1	0	1	0	0	0	0
ENSMUSG00000119140.2	0	0	0	0	0	0	0	0
ENSMUSG00002076196.1	0	0	0	0	0	0	0	0
ENSMUSG00000065569.4	0	0	0	0	0	0	0	0
ENSMUSG00000080468.4	0	0	0	0	0	0	0	0
ENSMUSG00000119232.1	0	0	0	0	0	0	0	0
ENSMUSG00000119742.1	0	0	0	0	0	0	0	0
ENSMUSG00002074861.1	0	0	0	0	0	0	0	0
ENSMUSG00000092921.3	3	5	0	8	1	3	1	6
ENSMUSG00000077038.3	1	10	3	5	0	2	2	2
ENSMUSG00000070073.3	14	9	16	8	2	4	5	8
ENSMUSG00002076381.1	0	0	0	0	0	0	0	0
ENSMUSG00000070100.3	294	112	185	147	139	311	21	35
ENSMUSG00002075216.1	0	0	0	0	0	0	0	0
ENSMUSG00000080653.3	3288	2923	3308	2302	829	2894	406	824
ENSMUSG00002076473.1	0	0	0	0	0	0	0	0
ENSMUSG00000118735.1	0	0	0	0	0	0	0	0
ENSMUSG00000093221.3	7	3	1	1	1	2	0	4
ENSMUSG00002075308.1	0	0	0	0	0	0	0	0
ENSMUSG00002076500.1	0	0	0	2	0	0	0	0
ENSMUSG00000076450.3	0	0	0	0	0	0	0	0
ENSMUSG00000119508.1	5	9	33	18	7	7	3	0
ENSMUSG00002075792.1	0	0	0	2	0	0	0	0
ENSMUSG00000098380.3	11	13	16	10	0	5	0	3
ENSMUSG00000098890.3	10	5	3	16	0	5	2	3
ENSMUSG00000099153.3	0	0	0	2	0	0	0	0
ENSMUSG00000065400.3	11952	10762	11408	8044	1653	5784	1401	3118
ENSMUSG00000084592.3	0	0	0	0	0	0	0	0
ENSMUSG00002075976.1	0	0	0	0	0	0	0	0
ENSMUSG00002076239.1	0	0	0	0	0	0	0	0
ENSMUSG00000065465.3	166	122	137	82	4	33	10	16
ENSMUSG00000076216.3	0	0	0	0	0	0	0	0
ENSMUSG00000099245.3	0	0	0	0	0	0	0	0
ENSMUSG00002076184.1	0	0	0	0	0	0	0	0
ENSMUSG00000065557.5	20	22	21	11	14	29	10	11
ENSMUSG00002075020.1	0	0	0	0	0	0	0	0
ENSMUSG00002074904.1	0	0	0	0	0	1	0	0
ENSMUSG00000098656.3	3	2	4	8	0	4	0	0
ENSMUSG00002075085.1	0	0	0	0	0	0	0	0
ENSMUSG00000076253.3	1	0	0	0	0	0	0	0
ENSMUSG00002075112.1	0	0	0	0	0	0	0	0
ENSMUSG00002075622.1	0	0	0	0	0	0	0	0
ENSMUSG00000119795.1	0	0	0	0	0	0	0	0
ENSMUSG00000093090.3	0	0	0	0	0	0	0	0
ENSMUSG00002075177.1	37	67	54	42	21	68	13	15
ENSMUSG00000105497.3	0	0	0	0	0	0	0	0
ENSMUSG00002074941.1	0	0	0	0	0	0	0	0
ENSMUSG00002075204.1	0	0	0	0	0	0	0	0
ENSMUSG00000105524.3	0	0	0	0	0	0	0	0
ENSMUSG00002075714.1	0	0	0	0	0	0	0	0
ENSMUSG00000119404.1	0	0	0	0	0	0	0	0
ENSMUSG00000119887.1	0	0	0	0	0	0	0	0
ENSMUSG00000077092.3	0	0	0	0	0	0	0	0
ENSMUSG00002075269.1	0	0	0	0	0	0	0	0
ENSMUSG00000119469.1	0	0	0	0	0	0	0	0
ENSMUSG00002075872.1	0	0	0	0	0	0	0	0
ENSMUSG00002076645.1	0	0	0	0	0	0	0	0
ENSMUSG00000099141.3	0	0	0	0	0	0	0	0
ENSMUSG00002076590.1	4	0	0	0	0	0	0	0
ENSMUSG00000065453.3	0	0	0	0	0	0	0	0
ENSMUSG00002076172.1	0	0	0	0	0	0	0	0
ENSMUSG00002075491.1	0	0	0	0	0	0	0	0
ENSMUSG00000106074.3	7	0	0	3	0	0	5	1
ENSMUSG00002075073.1	0	0	0	0	0	0	0	0
ENSMUSG00000092870.3	0	0	0	0	0	0	0	0
ENSMUSG00000076241.4	686	573	517	463	1071	1631	405	411
ENSMUSG00002075583.1	0	0	0	0	0	0	0	0
ENSMUSG00002075610.1	0	0	0	0	0	0	0	0
ENSMUSG00000088248.3	6	9	12	4	2	0	0	1
ENSMUSG00000119810.1	0	0	0	0	0	0	0	0
ENSMUSG00000076333.3	0	0	0	0	0	0	0	0
ENSMUSG00002075675.1	0	0	0	0	0	0	0	0
ENSMUSG00002074994.1	0	0	1	0	0	0	0	0
ENSMUSG00000076398.3	679	724	832	663	158	807	160	320
ENSMUSG00002075257.1	0	0	0	0	0	0	0	0
ENSMUSG00000098263.3	0	0	0	1	0	0	0	0
ENSMUSG00000099036.3	81	47	52	63	9	21	2	6
ENSMUSG00002075349.1	0	0	0	0	0	0	0	0
ENSMUSG00002076541.1	0	0	0	0	0	0	0	0
ENSMUSG00002076002.1	0	0	0	1	0	0	0	0
ENSMUSG00002075860.1	0	0	0	0	0	0	0	0
ENSMUSG00000093354.3	0	0	0	0	0	0	0	0
ENSMUSG00000089151.3	0	1	0	0	0	0	1	0
ENSMUSG00000092673.3	1	0	5	1	4	1	0	0
ENSMUSG00000105196.3	0	0	0	0	0	0	0	0
ENSMUSG00002075952.1	0	0	0	0	0	0	0	0
ENSMUSG00000087844.2	0	0	0	0	0	0	0	0
ENSMUSG00000065441.4	105	132	134	135	313	641	120	215
ENSMUSG00000099221.3	0	0	0	0	0	0	0	0
ENSMUSG00000092765.5	1	0	5	2	0	4	0	0
ENSMUSG00002076160.1	1	0	0	0	0	0	0	0
ENSMUSG00000098540.3	69	39	52	71	5	8	0	1
ENSMUSG00000099286.3	11	10	8	20	3	9	0	2
ENSMUSG00000065533.3	0	0	0	0	0	0	0	0
ENSMUSG00002076817.1	0	0	0	0	0	0	0	0
ENSMUSG00000098632.3	2	5	7	0	7	4	0	1
ENSMUSG00002076762.1	0	1	0	0	0	0	0	0
ENSMUSG00000105381.3	0	0	0	0	0	0	0	0
ENSMUSG00002075571.1	0	0	0	0	0	0	0	0
ENSMUSG00002076909.1	2	0	0	0	0	0	0	0
ENSMUSG00000106154.3	0	0	0	0	0	0	0	0
ENSMUSG00000119771.1	0	0	0	0	0	0	0	0
ENSMUSG00002076344.1	0	0	0	0	0	0	0	0
ENSMUSG00000065570.3	14	13	12	4	2	11	1	0
ENSMUSG00002075153.1	0	0	0	0	0	0	0	0
ENSMUSG00002076854.1	0	0	0	0	0	0	0	0
ENSMUSG00000093157.3	0	0	0	0	0	0	0	0
ENSMUSG00000070128.5	0	0	0	0	0	0	0	0
ENSMUSG00002075245.1	0	0	0	0	0	0	0	0
ENSMUSG00000098251.3	0	0	0	0	0	0	0	0
ENSMUSG00000104884.3	0	0	0	0	0	0	0	0
ENSMUSG00002075190.1	0	0	0	0	0	0	0	0
ENSMUSG00002075337.1	0	0	0	0	0	0	0	0
ENSMUSG00002075847.1	0	0	0	1	0	0	0	0
ENSMUSG00000098343.3	153	179	239	172	29	48	73	180
ENSMUSG00002075939.1	0	0	0	0	0	0	0	0
ENSMUSG00000065428.6	824	763	927	778	966	2553	329	357
ENSMUSG00002076686.1	0	0	0	0	0	0	0	0
ENSMUSG00000098527.3	0	1	4	1	0	0	0	0
ENSMUSG00000065494.3	11456	10422	12316	11207	1816	5480	1575	2571
ENSMUSG00000065521.3	35590	25136	38492	30001	5986	15570	3733	6883
ENSMUSG00000099301.3	0	0	0	0	0	0	0	0
ENSMUSG00000098619.3	2	0	0	0	0	0	0	0
ENSMUSG00002075048.1	0	2	0	0	0	0	0	0
ENSMUSG00000098593.3	0	0	0	3	0	0	3	0
ENSMUSG00002076240.1	0	0	0	0	0	0	0	0
ENSMUSG00000065586.3	3941	2966	3593	2284	474	818	296	601
ENSMUSG00000093618.3	0	1	0	0	0	5	0	0
ENSMUSG00000065613.3	5329	3819	4764	5113	1131	5381	1467	3124
ENSMUSG00000098712.3	0	0	0	0	0	0	0	3
ENSMUSG00002076934.1	0	0	0	0	0	0	0	0
ENSMUSG00002075743.1	0	0	0	0	0	0	0	0
ENSMUSG00000080669.3	682	706	846	525	65	200	14	36
ENSMUSG00002076516.1	0	0	0	0	0	0	0	0
ENSMUSG00000076976.4	1	2	2	0	0	1	0	1
ENSMUSG00002075835.1	0	0	0	0	0	0	0	0
ENSMUSG00000098331.3	3	9	5	6	2	2	0	1
ENSMUSG00002076043.1	0	0	0	0	0	0	0	0
ENSMUSG00002075927.1	0	0	0	0	0	0	0	0
ENSMUSG00000099169.3	9	13	15	15	0	4	1	1
ENSMUSG00000065416.3	0	0	0	0	0	0	0	0
ENSMUSG00000092741.4	0	0	0	0	0	0	0	0
ENSMUSG00000065508.3	0	0	0	0	0	0	0	0
ENSMUSG00002075454.1	179	241	260	174	25	125	15	19
ENSMUSG00000098607.3	0	0	0	0	0	0	0	0
ENSMUSG00002075546.1	0	0	0	0	0	0	5	0
ENSMUSG00002076319.1	0	0	0	0	0	0	0	0
ENSMUSG00000076269.3	0	0	0	2	0	0	0	0
ENSMUSG00002076293.1	0	0	0	0	0	0	0	0
ENSMUSG00002075128.1	0	0	0	0	0	0	0	0
ENSMUSG00000076270.3	0	0	0	0	0	0	0	0
ENSMUSG00002076830.1	0	0	0	0	0	0	0	0
ENSMUSG00000070077.4	1	0	1	3	0	0	0	5
ENSMUSG00002076385.1	0	0	0	0	0	0	0	0
ENSMUSG00000070104.3	0	0	1	0	0	6	0	0
ENSMUSG00000098765.3	6	16	0	6	7	6	1	4
ENSMUSG00002076922.1	0	0	0	0	0	0	0	0
ENSMUSG00000080657.3	0	0	2	0	0	4	0	0
ENSMUSG00002076477.1	0	0	0	0	0	0	0	0
ENSMUSG00000119931.1	0	0	0	0	0	0	0	0
ENSMUSG00002076987.1	0	0	0	0	0	0	0	0
ENSMUSG00000076454.3	0	0	0	0	0	0	0	0
ENSMUSG00000084559.3	0	0	0	0	0	0	0	0
ENSMUSG00002075796.1	0	0	0	0	0	0	0	0
ENSMUSG00000070141.4	105	38	60	75	17	53	9	13
ENSMUSG00000106406.3	6	8	4	1	2	2	2	2
ENSMUSG00002075915.1	0	1	0	0	0	0	0	0
ENSMUSG00000065404.3	0	0	0	0	0	0	0	0
ENSMUSG00002075350.1	0	0	0	0	0	0	0	0
ENSMUSG00002076096.1	0	0	0	0	0	0	0	0
ENSMUSG00000088015.3	24	15	33	18	0	13	4	7
ENSMUSG00000065469.3	0	0	0	0	0	0	0	0
ENSMUSG00000098568.3	3	2	3	1	1	0	0	0
ENSMUSG00002076215.1	0	0	0	0	0	0	0	0
ENSMUSG00000092794.3	4	6	8	0	0	1	0	8
ENSMUSG00002075024.1	0	0	0	0	0	0	0	0
ENSMUSG00002074908.1	2	0	1	1	0	0	0	0
ENSMUSG00002075089.1	0	0	0	0	0	0	0	0
ENSMUSG00002076307.1	0	0	2	0	0	0	0	0
ENSMUSG00002075599.1	0	0	0	0	0	0	0	0
ENSMUSG00002076791.1	0	0	0	0	0	0	0	0
ENSMUSG00002075626.1	0	0	0	0	0	0	0	0
ENSMUSG00000104755.3	0	0	0	0	0	0	0	0
ENSMUSG00000119826.1	0	0	0	0	0	0	0	0
ENSMUSG00002075718.1	0	0	0	0	0	0	0	0
ENSMUSG00002075692.1	0	0	0	0	0	0	0	0
ENSMUSG00002076465.1	0	0	0	0	0	0	0	0
ENSMUSG00000098279.3	0	2	0	1	0	0	0	0
ENSMUSG00000098280.3	25	11	22	18	10	32	11	7
ENSMUSG00000093278.3	25	16	8	22	6	8	16	22
ENSMUSG00000098790.3	1	0	2	2	0	0	0	0
ENSMUSG00002076557.1	0	0	0	0	0	0	0	0
ENSMUSG00000098937.3	0	0	0	0	0	0	0	0
ENSMUSG00000098882.3	0	0	0	0	0	0	0	0
ENSMUSG00002076649.1	0	0	0	0	0	0	0	0
ENSMUSG00000099145.3	1	0	0	0	4	1	6	0
ENSMUSG00000105778.3	0	0	0	0	0	0	0	0
ENSMUSG00002075968.1	0	0	0	0	0	0	0	0
ENSMUSG00000098464.3	0	3	9	1	4	4	1	3
ENSMUSG00000065457.5	10	0	9	0	0	0	0	0
ENSMUSG00002076621.1	0	0	0	0	0	0	0	0
ENSMUSG00000099237.3	0	0	1	0	0	0	0	0
ENSMUSG00000078025.3	55	81	119	93	65	77	17	50
ENSMUSG00002075430.1	0	0	0	3	0	0	0	0
ENSMUSG00000080356.3	0	0	0	0	0	0	0	0
ENSMUSG00002075940.1	0	0	0	0	0	0	0	0
ENSMUSG00000089260.3	2	3	3	8	2	3	7	2
ENSMUSG00000065549.5	25672	29447	38950	30000	1735	5993	1647	3191
ENSMUSG00002075012.1	0	0	0	0	0	0	0	0
ENSMUSG00002075522.1	0	0	0	0	0	0	0	0
ENSMUSG00002076268.1	0	0	0	0	0	0	0	0
ENSMUSG00000098648.3	17	13	22	10	5	1	3	10
ENSMUSG00002075077.1	0	0	0	0	0	0	0	0
ENSMUSG00000092901.3	0	0	0	0	0	0	0	0
ENSMUSG00000093108.3	0	0	0	0	0	0	0	0
ENSMUSG00002075169.1	0	0	0	0	0	0	0	0
ENSMUSG00002074933.1	0	0	0	0	0	0	0	0
ENSMUSG00002075679.1	0	0	0	0	0	0	0	0
ENSMUSG00002076871.1	0	0	0	0	0	0	0	0
ENSMUSG00002075141.1	0	0	0	0	0	0	1	0
ENSMUSG00000098267.3	3	8	10	10	0	1	3	4
ENSMUSG00002075233.1	0	0	0	0	0	0	0	0
ENSMUSG00000093358.3	0	0	0	0	0	0	0	0
ENSMUSG00000119498.1	0	0	0	0	0	0	0	0
ENSMUSG00000092677.2	0	0	0	0	0	0	0	0
ENSMUSG00002075956.1	0	0	0	0	0	0	0	0
ENSMUSG00000065445.5	14040	8269	9568	7343	2094	11154	2326	3092
ENSMUSG00002076729.1	0	0	0	0	0	0	0	0
ENSMUSG00000099225.3	0	0	0	0	0	0	0	0
ENSMUSG00002076164.1	0	0	0	0	0	0	0	0
ENSMUSG00000098544.3	2	2	0	1	0	2	0	0
ENSMUSG00000087820.3	0	0	0	1	0	0	0	0
ENSMUSG00002076674.1	0	0	0	0	0	0	0	0
ENSMUSG00000076141.3	2	1	1	0	0	2	0	4
ENSMUSG00000065537.4	1785	1915	2434	1749	763	2210	369	621
ENSMUSG00002075993.1	0	0	0	0	0	0	0	0
ENSMUSG00000088148.3	2293	1400	1854	1434	640	1789	254	687
ENSMUSG00000065482.3	0	0	0	0	0	0	0	0
ENSMUSG00002075575.1	0	1	0	0	0	0	0	0
ENSMUSG00002075602.1	0	0	0	0	0	0	0	0
ENSMUSG00000065574.3	3274	2591	3645	3099	391	1245	348	756
ENSMUSG00000089432.3	38	39	41	32	7	12	4	6
ENSMUSG00002075157.1	0	0	0	0	0	0	0	0
ENSMUSG00002074921.1	3	0	0	0	0	0	0	0
ENSMUSG00000065601.3	762	455	549	579	812	1953	448	672
ENSMUSG00002075667.1	0	0	0	0	0	0	0	0
ENSMUSG00002075759.1	0	0	0	0	0	0	0	0
ENSMUSG00002076951.1	0	0	0	0	0	0	0	0
ENSMUSG00000093254.3	0	0	0	0	0	0	0	0
ENSMUSG00000098347.3	0	0	0	0	0	0	0	0
ENSMUSG00002075286.1	0	0	0	0	0	0	0	0
ENSMUSG00002075313.1	0	0	0	0	0	0	0	0
ENSMUSG00002076059.1	0	0	0	0	0	0	0	0
ENSMUSG00002076060.1	0	2	0	3	0	0	0	0
ENSMUSG00000093291.4	0	0	0	0	0	0	0	0
ENSMUSG00002075378.1	0	0	0	0	0	0	0	0
ENSMUSG00000076128.3	0	0	0	0	0	0	0	0
ENSMUSG00002076152.1	0	0	0	0	0	0	0	0
ENSMUSG00000098532.3	3	0	2	0	2	4	0	0
ENSMUSG00000065498.6	530	314	464	352	198	593	81	107
ENSMUSG00002075981.1	0	0	0	0	0	0	0	0
ENSMUSG00000098597.3	17	8	14	5	0	1	0	2
ENSMUSG00000080424.3	0	0	0	0	0	0	0	0
ENSMUSG00000098624.3	0	0	0	0	0	0	0	0
ENSMUSG00000065470.3	9295	5733	7379	5782	586	1570	332	788
ENSMUSG00000065617.3	168	78	103	100	28	112	25	55
ENSMUSG00000098689.3	0	0	0	0	0	0	0	0
ENSMUSG00000076286.3	7385	13997	14482	9345	40472	104164	22229	36403
ENSMUSG00000065562.3	0	0	0	0	0	0	0	0
ENSMUSG00002076846.1	0	0	0	0	0	0	0	0
ENSMUSG00000076313.3	14	0	3	3	0	0	1	0
ENSMUSG00002075655.1	0	0	0	0	0	0	0	0
ENSMUSG00000098661.3	2	1	15	1	0	0	1	0
ENSMUSG00002076428.1	0	1	0	0	0	0	0	0
ENSMUSG00002074974.1	0	0	0	0	0	0	0	0
ENSMUSG00000098808.3	19	20	9	25	0	4	1	0
ENSMUSG00000105557.3	0	0	0	0	0	0	0	0
ENSMUSG00000106183.2	0	0	0	0	0	0	0	1
ENSMUSG00002075747.1	0	0	0	0	0	0	0	0
ENSMUSG00002075182.1	0	0	2	0	0	0	0	0
ENSMUSG00000080645.3	46	75	98	77	61	199	42	104
ENSMUSG00000106302.3	1	0	1	3	0	0	0	0
ENSMUSG00002075301.1	0	0	0	0	0	0	0	0
ENSMUSG00000105621.3	0	0	0	0	0	0	0	0
ENSMUSG00002075366.1	0	0	0	0	0	0	0	0
ENSMUSG00000119566.1	0	0	0	0	0	0	0	0
ENSMUSG00002076139.1	0	0	0	0	0	0	0	0
ENSMUSG00000092745.3	0	0	0	0	0	0	0	0
ENSMUSG00002075458.1	0	0	0	0	0	0	0	0
ENSMUSG00002076232.1	0	0	0	0	0	0	0	0
ENSMUSG00002076742.1	0	0	0	2	0	0	0	0
ENSMUSG00002075551.1	2	2	3	0	3	3	1	6
ENSMUSG00002076324.1	0	0	0	0	0	0	0	0
ENSMUSG00002074870.1	0	0	0	0	0	0	0	0
ENSMUSG00000098704.3	6	15	19	11	11	1	2	6
ENSMUSG00000099330.3	2	17	8	1	0	9	0	0
ENSMUSG00002075643.1	0	0	0	0	0	0	0	0
ENSMUSG00000106199.3	0	0	0	0	0	0	0	0
ENSMUSG00000070108.4	75	43	48	40	46	111	26	40
ENSMUSG00000098769.3	75	95	77	63	75	114	51	90
ENSMUSG00002076416.1	0	0	0	0	0	0	0	0
ENSMUSG00002076899.1	0	0	0	0	0	0	0	0
ENSMUSG00002074962.1	0	3	0	0	0	0	0	0
ENSMUSG00000119304.1	0	0	0	0	0	0	0	0
ENSMUSG00002076926.1	0	0	0	0	0	0	0	0
ENSMUSG00002076361.1	0	0	0	0	0	0	0	0
ENSMUSG00000076458.3	0	0	0	0	0	0	0	0
ENSMUSG00002075680.1	0	0	0	0	0	0	0	0
ENSMUSG00000098296.3	2	3	6	0	2	17	2	1
ENSMUSG00002075827.1	0	0	0	0	0	0	0	0
ENSMUSG00000077111.4	0	0	0	0	0	0	0	0
ENSMUSG00002076453.1	0	0	0	0	0	0	0	0
ENSMUSG00000099069.3	0	0	0	0	0	0	0	0
ENSMUSG00000098833.3	0	2	0	0	0	0	1	0
ENSMUSG00002075262.1	0	0	0	0	0	0	0	0
ENSMUSG00000084535.3	0	0	0	0	0	0	0	0
ENSMUSG00000098388.3	5	0	1	0	1	2	6	5
ENSMUSG00000098415.3	2	2	1	1	4	4	1	13
ENSMUSG00000076012.3	0	0	0	0	0	0	0	0
ENSMUSG00000065408.3	0	0	0	0	0	0	0	0
ENSMUSG00002075354.1	0	0	0	0	0	0	0	0
ENSMUSG00000077834.3	2	0	0	2	0	0	0	0
ENSMUSG00000119554.1	0	0	0	0	0	0	0	0
ENSMUSG00002076127.1	0	2	0	0	0	0	0	0
ENSMUSG00002075538.1	0	0	0	0	0	0	0	0
ENSMUSG00000092770.3	9	10	12	17	3	23	11	2
ENSMUSG00002075000.1	0	0	0	0	0	0	0	0
ENSMUSG00002075631.1	0	0	0	0	0	0	0	0
ENSMUSG00000092862.2	22	13	34	30	0	1	0	1
ENSMUSG00002076377.1	0	0	0	0	0	0	0	0
ENSMUSG00002076887.1	0	0	0	0	0	0	0	0
ENSMUSG00002075723.1	0	0	0	0	0	0	0	0
ENSMUSG00000077127.3	0	0	0	1	0	0	0	0
ENSMUSG00000080594.3	3859	5643	6161	4972	13714	31143	4968	8237
ENSMUSG00000076956.4	0	0	4	0	0	0	0	0
ENSMUSG00000070133.3	0	0	0	0	0	0	0	0
ENSMUSG00002076441.1	0	0	0	0	0	0	0	0
ENSMUSG00000084523.3	0	0	0	0	0	0	0	0
ENSMUSG00002075760.1	0	0	0	0	0	0	0	0
ENSMUSG00000098376.3	6	0	8	1	0	0	0	0
ENSMUSG00000119450.1	0	0	0	0	0	0	0	0
ENSMUSG00002076023.1	0	0	0	0	0	0	0	0
ENSMUSG00002075907.1	1	0	1	0	0	0	0	2
ENSMUSG00000098886.3	0	0	0	0	0	0	0	0
ENSMUSG00000099149.3	0	0	0	0	0	0	0	0
ENSMUSG00002075342.1	0	0	0	0	0	0	0	0
ENSMUSG00002076088.1	0	0	0	0	0	0	0	0
ENSMUSG00002076598.1	0	1	0	2	0	0	0	0
ENSMUSG00000076065.3	0	0	0	0	0	0	0	0
ENSMUSG00002076625.1	0	0	0	0	0	0	0	0
ENSMUSG00000088491.3	7	5	5	5	4	12	2	8
ENSMUSG00000065433.3	52	48	45	27	31	100	11	9
ENSMUSG00002075016.1	0	0	0	0	0	0	0	0
ENSMUSG00002076691.1	0	0	0	0	0	0	0	0
ENSMUSG00002075526.1	0	0	0	0	0	0	0	0
ENSMUSG00002075108.1	0	0	0	0	0	0	0	0
ENSMUSG00000105428.3	0	0	0	0	0	0	0	0
ENSMUSG00000119161.1	0	0	0	0	0	0	0	0
ENSMUSG00002076810.1	0	0	0	0	0	0	0	0
ENSMUSG00000104747.3	0	0	0	0	0	0	0	0
ENSMUSG00000092850.3	0	0	0	0	0	0	0	0
ENSMUSG00002074937.1	0	0	0	0	0	0	0	0
ENSMUSG00000119345.1	0	0	0	0	0	0	0	0
ENSMUSG00002076967.1	0	0	0	0	0	0	0	0
ENSMUSG00002076494.1	0	0	0	0	0	0	0	0
ENSMUSG00000093242.4	0	0	0	0	0	0	0	0
ENSMUSG00002076521.1	3	2	5	1	0	0	0	0
ENSMUSG00002075840.1	4	0	0	0	0	0	0	0
ENSMUSG00002076103.1	0	0	0	0	1	0	0	0
ENSMUSG00002076586.1	0	0	0	0	0	0	0	0
ENSMUSG00000099082.3	0	0	0	0	0	0	0	0
ENSMUSG00000088478.3	0	0	0	0	0	0	0	0
ENSMUSG00000065449.3	22	35	7	13	10	11	7	10
ENSMUSG00002075395.1	0	0	0	0	0	0	0	0
ENSMUSG00002076613.1	0	0	0	0	0	0	0	0
ENSMUSG00000078017.3	0	0	0	0	0	0	0	0
ENSMUSG00002076168.1	0	0	0	0	0	0	0	0
ENSMUSG00002075932.1	0	0	0	0	0	0	0	0
ENSMUSG00000098548.3	0	0	0	0	0	5	0	0
ENSMUSG00000065394.3	0	0	0	0	0	0	0	0
ENSMUSG00000099174.3	0	0	0	0	0	2	0	0
ENSMUSG00000076145.3	8	0	5	11	0	11	0	0
ENSMUSG00000065421.5	0	0	0	0	0	0	0	0
ENSMUSG00002076705.1	0	0	0	0	0	0	0	0
ENSMUSG00000098493.3	0	0	0	0	0	0	0	0
ENSMUSG00002076140.1	0	0	0	1	0	0	0	0
ENSMUSG00000065486.3	236	252	359	252	1	1	4	3
ENSMUSG00000065513.3	69	80	48	56	6	29	7	7
ENSMUSG00002075579.1	0	0	0	1	0	0	0	0
ENSMUSG00002075606.1	0	0	0	0	0	0	0	0
ENSMUSG00000065578.3	0	0	0	0	0	0	0	0
ENSMUSG00000098612.3	0	0	0	0	0	0	0	0
ENSMUSG00002076863.1	0	0	0	0	0	0	0	0
ENSMUSG00000080504.3	1	0	0	3	0	0	0	1
ENSMUSG00002075133.1	0	0	0	0	0	0	0	0
ENSMUSG00000098259.3	4	0	0	1	0	0	0	2
ENSMUSG00000092995.3	75	40	62	54	1	13	3	20
ENSMUSG00002076390.1	0	0	0	0	0	0	0	0
ENSMUSG00002075225.1	0	0	0	0	0	0	0	0
ENSMUSG00000080662.2	0	0	0	0	0	0	0	0
ENSMUSG00002076482.1	0	0	0	0	0	0	0	0
ENSMUSG00002075317.1	1	0	0	2	0	0	0	0
ENSMUSG00000098862.3	0	0	0	0	0	0	0	0
ENSMUSG00000084564.3	0	0	0	0	0	0	0	0
ENSMUSG00002076064.1	0	0	0	0	0	0	0	0
ENSMUSG00002076574.1	0	0	0	0	0	0	0	0
ENSMUSG00000076041.3	15	5	17	29	4	17	2	7
ENSMUSG00000099070.3	0	0	0	0	0	0	1	0
ENSMUSG00000098954.3	0	0	0	0	0	0	0	0
ENSMUSG00002075383.1	0	0	0	0	0	0	0	0
ENSMUSG00002075410.1	0	0	0	0	0	0	0	0
ENSMUSG00002075893.1	0	0	0	0	0	0	0	0
ENSMUSG00002076156.1	0	0	0	0	0	0	0	0
ENSMUSG00000119044.1	0	0	0	1	0	0	0	0
ENSMUSG00002076666.1	0	0	0	0	0	0	0	0
ENSMUSG00000065529.3	0	0	0	0	0	0	0	0
ENSMUSG00000099309.3	0	0	1	3	0	0	1	0
ENSMUSG00002075502.1	0	0	0	0	0	0	0	0
ENSMUSG00002076248.1	0	0	0	0	0	0	0	0
ENSMUSG00000065474.3	0	2	1	5	5	0	1	2
ENSMUSG00000099254.3	7	6	1	9	0	3	0	1
ENSMUSG00000065501.3	9588	7665	10252	8529	11003	36601	2206	5008
ENSMUSG00000093480.3	0	0	0	0	0	0	0	0
ENSMUSG00000094253.2	0	0	0	0	0	0	0	0
ENSMUSG00002076220.1	2	1	2	0	0	0	0	0
ENSMUSG00000098600.3	5	2	1	2	1	5	0	0
ENSMUSG00002076312.1	0	0	0	0	0	0	0	0
ENSMUSG00002074978.1	0	0	0	2	0	0	0	0
ENSMUSG00000098247.3	4	1	0	0	0	0	0	5
ENSMUSG00002076943.1	0	0	0	0	0	0	0	0
ENSMUSG00002075213.1	0	0	0	0	0	0	0	0
ENSMUSG00000098339.3	48	32	27	31	0	3	0	1
ENSMUSG00000093338.3	0	1	0	0	0	0	0	0
ENSMUSG00002075305.1	0	0	0	0	0	0	0	0
ENSMUSG00002076980.1	0	0	0	0	0	0	0	0
ENSMUSG00000076028.3	51	26	50	44	25	91	7	8
ENSMUSG00002076562.1	0	0	0	0	0	0	0	0
ENSMUSG00000098942.3	0	0	0	0	0	0	0	0
ENSMUSG00002075881.1	0	0	0	0	0	0	0	0
ENSMUSG00000118889.1	0	0	0	0	0	0	0	0
ENSMUSG00002075463.1	0	0	0	0	0	0	0	0
ENSMUSG00000104618.3	0	0	0	0	0	0	0	0
ENSMUSG00002076236.1	0	0	0	0	0	0	0	0
ENSMUSG00000065462.5	674	822	1072	781	548	1422	788	1627
ENSMUSG00002075555.1	0	0	0	0	0	0	0	0
ENSMUSG00000092813.3	20	9	10	8	35	35	3	21
ENSMUSG00002076328.1	0	0	0	0	0	0	0	0
ENSMUSG00002074874.1	0	0	0	0	0	0	0	0
ENSMUSG00002074901.1	0	0	0	0	0	0	0	0
ENSMUSG00002075647.1	0	0	0	0	0	0	0	0
ENSMUSG00000077980.3	1	4	0	1	0	0	0	0
ENSMUSG00002076273.1	0	0	0	0	0	0	0	0
ENSMUSG00002076300.1	0	0	0	0	0	0	0	0
ENSMUSG00002075592.1	0	0	0	0	0	0	0	0
ENSMUSG00002075201.1	0	0	0	0	0	0	0	0
ENSMUSG00002075684.1	0	0	0	0	0	0	0	0
ENSMUSG00002075711.1	0	0	0	0	0	0	0	0
ENSMUSG00000098327.3	1	9	0	6	0	0	1	0
ENSMUSG00002076457.1	0	0	0	0	0	0	0	0
ENSMUSG00000104840.3	0	0	0	1	0	0	0	0
ENSMUSG00000088860.3	45	64	70	34	223	462	99	223
ENSMUSG00002075803.1	0	0	0	0	0	0	0	0
ENSMUSG00000098419.3	2	0	4	6	0	0	0	0
ENSMUSG00000099045.3	0	0	0	0	0	0	0	0
ENSMUSG00000098929.2	0	0	1	0	0	0	0	0
ENSMUSG00000119558.1	0	0	0	0	0	0	0	0
ENSMUSG00002076642.1	0	0	0	0	0	0	0	0
ENSMUSG00000065450.3	0	1	0	0	0	0	0	0
ENSMUSG00002076734.1	0	0	0	0	0	0	0	0
ENSMUSG00000099230.3	20	12	4	13	0	5	0	6
ENSMUSG00000093037.3	61	61	55	43	21	39	3	7
ENSMUSG00002075004.1	0	0	0	0	0	0	0	0
ENSMUSG00000065542.3	1519	2178	2261	1938	724	3184	833	1475
ENSMUSG00002075069.1	0	0	0	0	0	0	0	0
ENSMUSG00000080441.3	0	0	0	0	0	0	0	0
ENSMUSG00000106581.3	63	39	82	73	1	19	2	2
ENSMUSG00002076408.1	0	0	0	0	0	0	0	0
ENSMUSG00000080533.3	0	0	0	0	0	0	0	0
ENSMUSG00000092958.3	3	6	3	8	8	20	6	4
ENSMUSG00002075162.1	0	0	0	0	0	0	0	0
ENSMUSG00002075672.1	0	0	0	0	0	2	0	0
ENSMUSG00000098288.3	17	10	30	30	6	13	3	13
ENSMUSG00002075819.1	0	0	0	0	0	0	0	0
ENSMUSG00000098315.3	0	0	0	0	0	0	0	0
ENSMUSG00002076445.1	0	0	0	0	0	0	0	0
ENSMUSG00002075254.1	0	0	1	0	0	0	0	0
ENSMUSG00002075764.1	1	1	7	1	0	1	1	12
ENSMUSG00002076027.1	0	0	0	0	0	0	0	0
ENSMUSG00000106347.3	0	0	0	0	0	0	0	0
ENSMUSG00000098407.3	0	0	0	0	0	0	0	0
ENSMUSG00002076537.1	0	0	0	0	0	0	0	0
ENSMUSG00000099033.3	5	0	3	3	0	0	0	0
ENSMUSG00000098917.3	0	0	0	0	0	0	0	0
ENSMUSG00002075346.1	0	0	0	0	0	0	0	0
ENSMUSG00002075856.1	0	0	0	0	0	0	0	0
ENSMUSG00000093351.3	0	7	0	0	0	1	0	0
ENSMUSG00000105758.3	0	0	0	0	0	0	0	0
ENSMUSG00000089268.3	0	0	0	0	0	0	0	0
ENSMUSG00000065437.3	0	0	0	0	0	0	0	0
ENSMUSG00000105220.3	0	0	0	0	0	0	0	0
ENSMUSG00000106597.3	55	33	70	39	29	37	8	5
ENSMUSG00000099283.3	0	0	0	0	0	0	0	0
ENSMUSG00000065530.3	3938	1792	1796	1414	7359	13545	2213	2463
ENSMUSG00002076814.1	0	0	0	0	0	0	0	0
ENSMUSG00002075057.1	0	0	0	0	0	0	0	0
ENSMUSG00000088141.3	0	0	0	0	0	0	0	0
ENSMUSG00002076879.1	0	0	0	0	0	0	0	0
ENSMUSG00002076906.1	0	0	0	0	0	0	0	0
ENSMUSG00000089424.3	0	0	0	0	0	0	0	0
ENSMUSG00002076341.1	0	0	0	0	0	0	0	0
ENSMUSG00000098721.3	0	0	0	0	0	0	0	0
ENSMUSG00002075150.1	0	0	0	0	0	0	0	0
ENSMUSG00002076851.1	0	0	0	0	0	0	0	0
ENSMUSG00002075660.1	0	0	0	0	0	0	0	0
ENSMUSG00000080586.3	0	0	0	0	0	0	0	0
ENSMUSG00000076948.4	9415	13883	16943	11918	1005	2832	1122	1921
ENSMUSG00002075807.1	0	0	0	0	0	0	0	0
ENSMUSG00000098786.3	1	0	3	0	0	0	0	0
ENSMUSG00002076433.1	0	0	0	0	0	0	0	0
ENSMUSG00000093246.3	0	0	0	0	0	0	0	0
ENSMUSG00002075334.1	0	0	0	0	0	0	0	0
ENSMUSG00002075844.1	0	0	0	0	0	0	0	0
ENSMUSG00002076107.1	0	0	0	0	0	0	0	0
ENSMUSG00002076617.1	0	0	0	0	0	0	0	0
ENSMUSG00002075936.1	0	0	0	0	0	0	0	0
ENSMUSG00000065398.3	84	25	45	20	47	189	25	39
ENSMUSG00000119626.1	0	0	0	0	0	0	0	0
ENSMUSG00000065425.3	0	0	0	0	0	3	0	0
ENSMUSG00002075371.1	0	0	0	0	0	0	0	0
ENSMUSG00002076683.1	0	0	0	0	0	0	0	0
ENSMUSG00000077851.2	0	0	0	0	0	0	0	0
ENSMUSG00002075518.1	0	0	0	0	0	0	0	0
ENSMUSG00000098497.3	27	10	5	21	3	0	4	1
ENSMUSG00002076144.1	0	0	0	0	0	0	0	0
ENSMUSG00000076121.3	0	0	0	0	0	0	0	0
ENSMUSG00000065491.3	584	942	1003	749	425	1031	134	211
ENSMUSG00002075045.1	0	0	0	0	0	0	0	0
ENSMUSG00000065609.3	17	34	54	53	10	20	3	7
ENSMUSG00000065583.3	38	47	24	45	53	119	29	38
ENSMUSG00002076867.1	0	0	0	2	0	0	0	0
ENSMUSG00000093615.3	0	1	7	0	2	1	0	0
ENSMUSG00000065610.3	7137	3787	5325	3357	408	1721	246	576
ENSMUSG00000080574.3	0	0	0	0	0	0	0	0
ENSMUSG00000093142.3	0	0	0	0	0	0	0	0
ENSMUSG00002075229.1	0	0	0	0	0	0	0	0
ENSMUSG00000098774.3	0	3	0	0	4	23	0	3
ENSMUSG00002075740.1	0	0	0	0	0	0	0	0
ENSMUSG00000106323.3	0	0	0	0	0	0	0	0
ENSMUSG00000093234.3	2	1	2	0	0	11	0	3
ENSMUSG00000098866.3	4	9	6	4	2	0	0	0
ENSMUSG00002076578.1	0	0	0	0	0	0	0	0
ENSMUSG00000098958.3	11	7	16	7	0	0	0	3
ENSMUSG00002076605.1	0	0	0	0	0	0	0	0
ENSMUSG00000099101.3	0	0	0	0	0	0	0	0
ENSMUSG00002075897.1	0	0	0	1	0	0	0	0
ENSMUSG00000065413.4	0	0	0	0	0	0	0	0
ENSMUSG00002075479.1	0	0	0	0	0	0	0	0
ENSMUSG00000105799.3	0	0	0	0	0	0	0	0
ENSMUSG00000072837.3	0	0	0	0	0	0	0	0
ENSMUSG00000099258.3	0	0	0	0	0	0	0	0
ENSMUSG00000065505.3	120843	94000	107348	70041	197556	256040	44411	77400
ENSMUSG00002075451.1	0	0	0	0	0	0	0	0
ENSMUSG00000119141.1	0	0	0	0	0	0	0	0
ENSMUSG00000077931.3	879	888	1115	677	295	764	138	219
ENSMUSG00002076224.1	0	0	0	0	0	0	0	0
ENSMUSG00002075033.1	0	0	0	0	0	0	0	0
ENSMUSG00000092830.3	0	0	0	0	0	0	0	0
ENSMUSG00002074917.1	0	0	0	0	0	0	0	0
ENSMUSG00000077996.3	113	70	109	96	19	90	13	22
ENSMUSG00002075543.1	0	0	0	0	0	0	0	0
ENSMUSG00002076289.1	0	0	0	0	0	0	0	0
ENSMUSG00000092922.3	0	9	0	1	0	2	0	0
ENSMUSG00002076947.1	0	0	0	0	0	0	0	0
ENSMUSG00000070074.3	28005	14077	18498	19947	1489	5588	1280	2927
ENSMUSG00002076382.1	0	0	0	0	0	0	0	0
ENSMUSG00000070101.3	19	5	0	8	0	2	0	4
ENSMUSG00002075217.1	0	0	0	0	0	0	0	0
ENSMUSG00000098762.3	0	0	0	0	0	0	0	0
ENSMUSG00002076892.1	0	0	0	0	0	0	0	0
ENSMUSG00002076984.1	0	0	0	0	0	0	0	0
ENSMUSG00000076451.3	0	0	0	0	0	0	0	0
ENSMUSG00000089139.3	485	352	379	308	451	674	118	207
ENSMUSG00002075820.1	0	0	0	0	0	0	0	0
ENSMUSG00002076566.1	0	0	0	0	0	0	0	0
ENSMUSG00000099062.3	1	2	0	0	0	0	0	0
ENSMUSG00000093314.3	2	1	3	0	0	4	0	0
ENSMUSG00000098381.3	0	0	0	0	0	0	0	0
ENSMUSG00000092633.3	0	1	0	1	0	0	0	0
ENSMUSG00002076658.1	0	0	0	0	0	0	0	0
ENSMUSG00000065401.3	177	42	56	66	5	31	5	5
ENSMUSG00002076093.1	0	0	0	0	0	0	0	0
ENSMUSG00002075977.1	0	2	0	0	0	0	0	0
ENSMUSG00000105814.3	3	1	1	0	0	0	0	0
ENSMUSG00000098473.3	83	64	69	34	30	103	6	25
ENSMUSG00002076120.1	0	2	4	0	1	0	1	0
ENSMUSG00000098500.3	0	0	0	0	0	0	0	0
ENSMUSG00000076217.3	0	0	0	0	0	0	0	0
ENSMUSG00002075559.1	0	0	0	5	0	0	0	0
ENSMUSG00002076185.1	0	0	0	0	0	0	0	0
ENSMUSG00002074878.1	0	0	0	0	0	0	0	0
ENSMUSG00002075021.1	0	0	0	0	0	0	0	0
ENSMUSG00002074905.1	0	0	0	0	0	0	0	0
ENSMUSG00000076309.4	0	0	0	0	0	0	0	0
ENSMUSG00002075531.1	0	0	0	0	0	0	0	0
ENSMUSG00002074850.1	0	0	0	0	0	0	0	0
ENSMUSG00002075113.1	0	0	0	0	0	0	0	0
ENSMUSG00002075596.1	1	3	0	0	0	0	0	0
ENSMUSG00002075623.1	0	0	0	0	0	0	0	0
ENSMUSG00000093091.3	2	4	2	2	0	0	0	0
ENSMUSG00002075178.1	0	0	0	0	0	0	0	0
ENSMUSG00002076370.1	0	0	0	0	0	0	0	0
ENSMUSG00002075688.1	1	0	0	0	0	0	0	0
ENSMUSG00002076880.1	0	0	0	0	0	0	0	0
ENSMUSG00002075715.1	0	0	0	0	0	0	0	0
ENSMUSG00000077119.3	4	2	1	1	1	0	0	1
ENSMUSG00000098276.3	0	0	0	0	0	0	0	0
ENSMUSG00002076972.1	0	0	0	0	0	0	0	0
ENSMUSG00002075781.1	0	0	0	0	0	0	0	0
ENSMUSG00000099050.3	32	35	49	36	1	9	5	7
ENSMUSG00000089219.3	2	1	1	1	0	0	0	2
ENSMUSG00000099142.3	0	0	0	0	0	0	0	0
ENSMUSG00002076081.1	0	0	0	0	0	0	0	0
ENSMUSG00000084728.3	0	0	0	0	0	0	0	0
ENSMUSG00002076591.1	0	0	0	0	0	0	0	0
ENSMUSG00000065454.4	6	8	7	2	1	1	0	3
ENSMUSG00002076738.1	0	0	0	0	0	0	0	0
ENSMUSG00002076173.1	0	0	0	0	0	0	0	0
ENSMUSG00000106493.3	0	0	0	0	0	0	0	0
ENSMUSG00000098553.3	8	3	9	10	0	4	0	6
ENSMUSG00002074866.1	0	0	2	0	0	0	0	0
ENSMUSG00000065546.3	7	29	24	10	18	36	0	18
ENSMUSG00000099326.3	140	112	125	73	5	61	16	24
ENSMUSG00000077972.3	0	0	0	0	0	0	0	0
ENSMUSG00002075101.1	0	0	0	0	0	0	0	0
ENSMUSG00002076357.1	0	0	0	0	0	0	0	0
ENSMUSG00000104740.3	0	0	0	0	0	0	0	0
ENSMUSG00000098737.3	0	0	0	0	0	0	0	0
ENSMUSG00002075676.1	0	0	0	0	0	0	0	0
ENSMUSG00002075703.1	0	0	0	0	0	0	0	0
ENSMUSG00000098319.3	9	4	2	17	3	2	1	7
ENSMUSG00000077107.3	6	0	3	2	0	0	0	0
ENSMUSG00002076449.1	0	0	0	0	0	0	0	0
ENSMUSG00000076399.3	67	40	46	55	0	0	0	0
ENSMUSG00000098829.3	1	0	0	1	0	0	0	0
ENSMUSG00000098264.3	0	0	0	0	0	0	0	0
ENSMUSG00002076003.1	0	0	0	0	0	0	0	0
ENSMUSG00002075861.1	0	0	0	0	0	0	0	0
ENSMUSG00000089570.3	1	0	0	0	0	0	0	0
ENSMUSG00000099129.3	0	0	0	0	1	0	0	0
ENSMUSG00000078038.3	11	3	13	1	3	3	6	4
ENSMUSG00000098448.3	0	0	0	0	0	0	0	0
ENSMUSG00002075953.1	0	0	0	0	0	0	0	0
ENSMUSG00000065442.3	0	0	0	0	0	0	0	0
ENSMUSG00002076726.1	0	0	0	0	0	0	0	0
ENSMUSG00000099222.3	0	0	0	0	0	0	0	0
ENSMUSG00000093539.3	0	1	2	0	0	2	0	0
ENSMUSG00000065534.3	0	0	0	0	0	0	0	0
ENSMUSG00002075990.1	0	0	0	0	0	0	0	0
ENSMUSG00002076253.1	0	0	0	0	0	0	0	0
ENSMUSG00000065599.4	722	601	792	671	180	260	125	182
ENSMUSG00000106600.3	6	4	12	7	6	7	0	2
ENSMUSG00000098698.3	45	48	58	24	59	161	24	29
ENSMUSG00000065571.3	150	108	115	94	7	37	1	13
ENSMUSG00002076855.1	0	0	0	2	0	0	0	0
ENSMUSG00000070129.4	0	0	0	0	0	0	0	0
ENSMUSG00002076437.1	0	0	0	0	0	0	0	0
ENSMUSG00000076387.3	0	0	0	0	0	0	0	0
ENSMUSG00000098817.3	0	0	0	0	0	0	0	0
ENSMUSG00002075756.1	0	0	0	0	0	0	0	0
ENSMUSG00000098252.3	0	0	0	0	0	0	0	0
ENSMUSG00002075848.1	0	0	0	0	0	0	0	0
ENSMUSG00000098344.3	3	0	3	0	0	2	0	0
ENSMUSG00002075310.1	0	0	0	0	0	0	0	0
ENSMUSG00000076033.3	0	0	0	0	0	0	0	0
ENSMUSG00000065429.3	5698	2800	3769	3075	255	823	224	421
ENSMUSG00000065495.3	22	18	20	12	20	44	10	24
ENSMUSG00000099275.3	0	0	3	0	5	3	1	0
ENSMUSG00002076806.1	0	0	0	0	0	0	0	0
ENSMUSG00000119667.1	0	0	0	0	0	0	0	0
ENSMUSG00002075049.1	0	0	3	1	0	0	0	0
ENSMUSG00000089324.3	0	0	8	2	3	8	1	1
ENSMUSG00002076241.1	0	0	0	0	0	0	0	0
ENSMUSG00000065587.3	417	244	273	181	189	627	74	165
ENSMUSG00002076751.1	0	0	0	0	0	0	0	0
ENSMUSG00002075560.1	0	0	0	0	0	0	0	0
ENSMUSG00000098686.3	0	0	0	0	0	0	0	0
ENSMUSG00000106653.3	0	0	0	0	0	0	0	0
ENSMUSG00002076843.1	0	0	0	0	0	0	0	0
ENSMUSG00002075652.1	0	0	0	0	0	0	0	0
ENSMUSG00000105972.3	0	0	0	0	0	0	0	0
ENSMUSG00002076398.1	0	0	0	0	0	0	0	0
ENSMUSG00002076425.1	0	0	0	0	0	0	0	0
ENSMUSG00002074971.1	0	0	0	0	0	0	0	0
ENSMUSG00002075744.1	0	0	0	0	0	0	0	0
ENSMUSG00000093238.3	0	0	2	4	0	0	0	0
ENSMUSG00000099078.3	0	0	0	0	0	0	0	0
ENSMUSG00000076049.6	148	72	110	94	3	16	3	5
ENSMUSG00002076609.1	0	0	0	8	0	0	0	0
ENSMUSG00000099105.3	0	0	0	0	0	0	0	0
ENSMUSG00000105738.3	0	0	0	0	0	0	0	0
ENSMUSG00000098397.3	0	5	4	0	0	0	0	0
ENSMUSG00000088985.3	0	0	0	2	0	0	0	0
ENSMUSG00002075928.1	0	0	0	2	0	0	0	0
ENSMUSG00000065417.3	5537	4136	5446	4525	231	1001	217	365
ENSMUSG00000105200.3	0	0	0	0	0	0	0	0
ENSMUSG00000098489.3	0	0	0	0	0	0	0	0
ENSMUSG00002076136.1	0	0	0	0	0	0	0	0
ENSMUSG00000098516.3	2	4	2	0	6	0	0	6
ENSMUSG00000065509.5	5510	6676	8359	6865	3109	10837	2553	4058
ENSMUSG00002075455.1	0	0	0	0	0	0	0	0
ENSMUSG00000093515.3	72	54	80	55	28	41	5	21
ENSMUSG00000098608.3	0	0	0	0	0	0	0	0
ENSMUSG00002075547.1	0	0	0	0	0	0	0	0
ENSMUSG00002076294.1	0	0	0	0	0	0	0	0
ENSMUSG00000093042.3	17	3	17	7	0	3	0	4
ENSMUSG00002075129.1	0	0	0	0	0	0	0	0
ENSMUSG00000087950.3	20	18	13	11	30	63	10	20
ENSMUSG00002076321.1	0	0	0	0	0	0	0	0
ENSMUSG00000076271.3	0	0	0	0	0	0	0	0
ENSMUSG00000098701.3	6	7	7	22	0	0	0	0
ENSMUSG00000070078.3	0	0	1	1	0	0	0	0
ENSMUSG00002076386.1	0	0	0	0	0	0	0	0
ENSMUSG00000070105.5	296	202	299	216	391	836	104	174
ENSMUSG00000098766.3	1	0	0	0	0	0	0	0
ENSMUSG00002076923.1	0	0	0	0	0	0	0	0
ENSMUSG00002076478.1	0	0	0	0	0	0	0	0
ENSMUSG00000098858.3	0	0	0	0	0	0	0	0
ENSMUSG00000076455.3	0	0	0	0	0	0	1	0
ENSMUSG00002075797.1	0	0	0	0	0	0	0	0
ENSMUSG00000098293.3	0	0	8	4	0	15	0	3
ENSMUSG00002076450.1	0	0	0	0	0	0	0	0
ENSMUSG00000099066.3	0	0	0	0	0	0	0	0
ENSMUSG00000098830.3	7	3	7	4	0	14	0	2
ENSMUSG00002075889.1	0	0	0	0	0	0	0	0
ENSMUSG00002076032.1	0	0	0	0	0	0	0	0
ENSMUSG00002075916.1	0	0	0	0	0	0	0	0
ENSMUSG00000099158.3	0	0	0	0	0	0	0	0
ENSMUSG00000065405.5	12100	8767	10569	8298	2376	9043	1403	2838
ENSMUSG00000098922.3	0	2	1	0	0	0	0	0
ENSMUSG00002076097.1	0	0	0	0	0	0	0	0
ENSMUSG00002076124.1	0	0	0	0	0	0	0	0
ENSMUSG00000098504.3	0	0	0	2	0	0	0	0
ENSMUSG00000077896.3	0	0	0	0	0	0	0	0
ENSMUSG00002076189.1	0	0	0	0	0	0	0	0
ENSMUSG00000098569.3	2	1	2	0	0	0	0	0
ENSMUSG00002075025.1	0	1	0	0	0	0	0	0
ENSMUSG00002075535.1	0	0	0	0	0	0	0	0
ENSMUSG00002075117.1	0	3	0	5	0	0	0	2
ENSMUSG00002075627.1	0	0	0	0	0	0	0	0
ENSMUSG00002074946.1	0	0	0	0	0	0	0	0
ENSMUSG00000093122.3	0	0	0	0	0	0	0	0
ENSMUSG00002075719.1	0	0	0	0	0	0	0	0
ENSMUSG00002075693.1	0	0	0	0	0	0	0	0
ENSMUSG00002076911.1	0	0	0	0	0	0	0	0
ENSMUSG00000093187.3	1	0	0	3	0	0	0	0
ENSMUSG00002076976.1	0	0	0	0	0	0	0	0
ENSMUSG00002075785.1	0	0	0	0	0	0	0	0
ENSMUSG00002075812.1	23	67	57	31	0	0	1	3
ENSMUSG00000070130.3	8958	6423	6744	6887	4550	8542	1489	2697
ENSMUSG00000098938.3	0	0	0	1	0	0	0	2
ENSMUSG00002075877.1	0	0	0	0	0	0	0	0
ENSMUSG00002075904.1	0	0	0	0	0	0	0	0
ENSMUSG00000106340.3	0	0	0	0	0	0	0	0
ENSMUSG00000098400.3	1	1	1	0	0	0	0	0
ENSMUSG00002076530.1	0	0	0	0	0	0	0	1
ENSMUSG00000098910.3	0	0	0	0	0	0	0	0
ENSMUSG00002076085.1	0	0	0	0	0	0	0	0
ENSMUSG00000098465.3	8	4	0	8	2	0	0	2
ENSMUSG00002076595.1	1	0	0	0	0	0	0	0
ENSMUSG00000076062.3	0	0	0	0	0	0	0	0
ENSMUSG00000099091.3	12	30	18	10	17	17	2	9
ENSMUSG00000065458.3	0	0	0	0	0	0	0	0
ENSMUSG00002076622.1	0	0	0	0	0	0	0	0
ENSMUSG00000078026.3	38	37	46	25	10	45	3	7
ENSMUSG00000099238.3	0	2	4	4	0	0	0	0
ENSMUSG00002076177.1	2	0	0	0	0	0	0	0
ENSMUSG00000089261.3	2	3	0	0	0	0	0	2
ENSMUSG00000065430.3	46	55	74	39	4	27	7	8
ENSMUSG00000105333.2	0	0	0	0	0	0	0	0
ENSMUSG00002076714.1	0	0	0	0	0	0	0	0
ENSMUSG00000099210.3	0	0	0	0	0	0	0	0
ENSMUSG00000088606.3	8	4	3	2	0	13	5	6
ENSMUSG00002075523.1	0	0	0	1	0	0	0	0
ENSMUSG00000093017.3	496	238	341	258	54	168	244	243
ENSMUSG00000119723.1	0	0	0	0	0	0	0	0
ENSMUSG00002075105.1	0	0	0	0	0	0	0	0
ENSMUSG00002076780.1	0	0	0	0	0	0	0	0
ENSMUSG00002075050.1	0	0	0	0	0	0	0	0
ENSMUSG00002074934.1	0	0	0	0	0	0	0	0
ENSMUSG00000076338.3	550	486	578	470	2273	5366	1382	2783
ENSMUSG00002076872.1	0	0	0	0	0	0	0	0
ENSMUSG00002074999.1	0	0	0	0	0	0	0	0
ENSMUSG00000093202.4	14	15	16	1	0	1	5	3
ENSMUSG00002075234.1	0	0	0	0	0	0	0	0
ENSMUSG00002076546.1	0	0	0	0	0	0	0	2
ENSMUSG00000119434.1	0	0	0	0	0	0	0	0
ENSMUSG00002075865.1	0	3	3	0	0	0	0	0
ENSMUSG00000098361.3	0	0	3	0	0	0	0	0
ENSMUSG00002076491.1	0	0	0	0	0	0	0	0
ENSMUSG00000098871.3	0	0	0	0	0	0	0	0
ENSMUSG00002076638.1	0	0	0	0	0	0	0	0
ENSMUSG00000119499.1	0	0	0	0	0	0	0	0
ENSMUSG00000099134.3	22	8	14	22	2	5	3	0
ENSMUSG00002076073.1	0	0	0	0	0	0	0	0
ENSMUSG00000098453.3	27	9	51	22	10	52	6	6
ENSMUSG00000099199.3	0	0	2	0	2	0	0	0
ENSMUSG00000076050.3	4374	3070	5430	4292	54	166	157	252
ENSMUSG00000118845.1	0	0	0	0	0	0	0	0
ENSMUSG00000065446.3	666	881	889	645	313	576	72	109
ENSMUSG00002076610.1	0	0	0	0	0	0	0	0
ENSMUSG00000099226.3	20	33	38	23	0	0	2	0
ENSMUSG00002076165.1	0	0	0	0	0	0	0	0
ENSMUSG00000076142.3	0	0	0	0	0	0	0	0
ENSMUSG00000065538.3	0	0	0	0	0	2	0	0
ENSMUSG00002075484.1	0	0	0	3	0	0	0	0
ENSMUSG00002076702.1	0	0	0	0	0	0	0	0
ENSMUSG00002075994.1	0	0	0	0	0	0	0	0
ENSMUSG00000098490.3	4	2	6	2	4	5	0	0
ENSMUSG00000065483.4	17	4	9	25	56	181	38	66
ENSMUSG00002076767.1	0	0	0	0	0	0	0	0
ENSMUSG00000065510.3	5802	4264	5817	5289	2193	5239	1201	2055
ENSMUSG00002075576.1	0	0	0	0	0	0	0	0
ENSMUSG00002075603.1	0	0	0	0	0	0	0	0
ENSMUSG00000098582.3	0	0	0	0	0	0	0	0
ENSMUSG00000065575.3	0	0	1	0	0	0	0	0
ENSMUSG00000119803.1	0	0	0	0	0	0	0	0
ENSMUSG00002075158.1	0	0	0	0	0	0	0	0
ENSMUSG00002076859.1	0	0	0	0	0	0	0	0
ENSMUSG00000065602.3	568	920	838	629	107	623	145	152
ENSMUSG00002075668.1	0	0	0	0	0	0	0	0
ENSMUSG00002076860.1	0	0	0	0	0	0	0	0
ENSMUSG00000088752.3	29	80	69	49	20	61	4	26
ENSMUSG00000104797.3	0	0	0	0	0	0	0	0
ENSMUSG00002075222.1	4	0	0	1	0	0	0	0
ENSMUSG00000076994.4	3	8	3	7	0	3	0	0
ENSMUSG00002076061.1	0	0	0	0	0	0	0	0
ENSMUSG00000093292.3	1	0	0	1	0	0	0	0
ENSMUSG00002076571.1	0	0	0	0	0	0	0	0
ENSMUSG00000118833.1	0	0	0	0	0	0	0	0
ENSMUSG00000098951.3	3	0	5	0	0	0	0	0
ENSMUSG00002076718.1	0	0	0	0	0	0	0	0
ENSMUSG00000119579.1	0	0	0	0	0	0	0	0
ENSMUSG00000078002.3	0	1	0	1	0	0	0	0
ENSMUSG00002075890.1	0	0	0	0	0	0	0	0
ENSMUSG00000065499.3	1	0	0	0	0	1	0	0
ENSMUSG00000098533.3	0	0	0	0	0	0	0	0
ENSMUSG00002076663.1	0	0	0	0	0	0	0	0
ENSMUSG00000099279.3	7	0	0	1	0	0	0	0
ENSMUSG00000065526.6	0	0	1	0	0	0	0	0
ENSMUSG00002075472.1	0	0	0	0	0	0	0	0
ENSMUSG00000104627.3	0	0	0	0	0	0	0	0
ENSMUSG00002075982.1	0	0	0	0	0	0	0	0
ENSMUSG00000119672.1	0	0	0	0	0	0	0	0
ENSMUSG00000098625.3	0	0	0	0	0	0	0	0
ENSMUSG00000065471.3	430	208	322	205	301	728	146	236
ENSMUSG00002076755.1	0	0	0	0	0	0	0	0
ENSMUSG00000076222.3	248	185	191	141	25	119	17	39
ENSMUSG00000118991.1	0	0	0	0	0	0	0	0
ENSMUSG00002075564.1	0	0	0	0	0	0	0	0
ENSMUSG00002076190.1	0	0	0	0	0	0	0	0
ENSMUSG00002076337.1	0	0	0	0	0	0	0	0
ENSMUSG00002074883.1	0	0	0	0	0	0	0	0
ENSMUSG00000065563.3	14	12	16	10	10	7	5	1
ENSMUSG00002074910.1	0	0	0	0	0	0	0	0
ENSMUSG00002076429.1	0	0	0	0	0	0	0	0
ENSMUSG00002074975.1	0	0	1	0	0	0	0	0
ENSMUSG00000076379.4	0	1	4	0	0	0	0	0
ENSMUSG00002075748.1	0	0	0	0	0	0	0	0
ENSMUSG00002076940.1	4	4	2	1	3	1	1	0
ENSMUSG00000099017.3	0	0	0	0	0	0	0	0
ENSMUSG00000098336.3	0	0	1	0	0	0	0	0
ENSMUSG00000099109.3	0	0	0	0	0	0	0	0
ENSMUSG00000093280.3	0	0	0	0	0	0	0	0
ENSMUSG00002075367.1	0	0	0	0	0	0	0	0
ENSMUSG00000077847.3	0	0	0	0	0	0	0	0
ENSMUSG00002075459.1	0	0	0	0	0	0	0	0
ENSMUSG00002076651.1	0	0	0	0	0	0	0	0
ENSMUSG00002075460.1	0	0	0	0	0	0	0	0
ENSMUSG00002075970.1	0	0	0	0	0	0	0	0
ENSMUSG00002076743.1	0	0	0	0	0	0	0	0
ENSMUSG00002075552.1	0	0	0	4	0	0	0	0
ENSMUSG00002076298.1	0	0	0	0	0	0	0	0
ENSMUSG00000093046.3	106	58	65	46	16	39	4	8
ENSMUSG00000076275.3	0	0	0	0	0	0	0	0
ENSMUSG00000065551.3	1949	933	1175	959	182	466	226	425
ENSMUSG00002076835.1	0	0	0	0	0	0	0	0
ENSMUSG00000099331.3	0	0	0	0	0	0	0	0
ENSMUSG00002075644.1	1	0	0	0	0	0	0	0
ENSMUSG00000105964.3	0	0	0	0	0	0	0	0
ENSMUSG00000070109.4	0	0	0	0	0	0	0	0
ENSMUSG00000104773.3	0	0	0	0	0	0	0	0
ENSMUSG00002074963.1	3	0	1	0	0	0	0	0
ENSMUSG00002076927.1	0	0	0	0	0	0	0	0
ENSMUSG00002075171.1	0	0	0	0	0	0	0	0
ENSMUSG00002076509.1	0	0	2	0	0	0	0	0
ENSMUSG00000099005.3	0	0	0	0	0	0	0	0
ENSMUSG00000076459.3	1	0	0	1	0	0	0	0
ENSMUSG00000098297.3	1	0	0	2	0	1	0	1
ENSMUSG00002075828.1	0	0	0	0	0	0	0	0
ENSMUSG00000106264.3	0	0	0	0	0	0	0	0
ENSMUSG00002075263.1	0	0	0	0	0	0	0	0
ENSMUSG00002075773.1	0	0	0	0	0	0	0	0
ENSMUSG00000098389.3	0	3	0	1	0	0	0	0
ENSMUSG00000098416.3	0	0	0	0	0	0	0	0
ENSMUSG00000105165.3	0	0	0	0	0	0	0	0
ENSMUSG00000099042.3	0	0	0	0	0	0	0	0
ENSMUSG00000098926.3	9	6	19	2	2	20	4	11
ENSMUSG00002076128.1	0	0	0	0	0	0	0	0
ENSMUSG00000092734.3	28	18	25	24	8	23	13	22
ENSMUSG00000119137.1	0	0	0	0	0	0	0	0
ENSMUSG00000077872.3	4	0	5	4	0	0	0	0
ENSMUSG00000119229.1	0	0	0	1	0	0	0	0
ENSMUSG00002076731.1	0	0	0	0	0	0	0	0
ENSMUSG00002074858.1	0	0	1	2	0	0	0	1
ENSMUSG00002075001.1	0	0	0	0	0	0	0	0
ENSMUSG00000119174.1	0	0	0	0	0	0	0	0
ENSMUSG00002076796.1	0	0	0	0	0	0	0	0
ENSMUSG00000099292.3	4	4	15	0	2	2	3	0
ENSMUSG00002075724.1	0	0	0	0	0	0	0	0
ENSMUSG00000098730.3	0	0	0	0	0	0	0	0
ENSMUSG00000098285.3	0	0	0	0	0	0	0	0
ENSMUSG00002075816.1	0	0	0	0	0	0	0	0
ENSMUSG00000106252.3	0	0	0	0	0	0	0	0
ENSMUSG00000099058.3	6	2	5	4	0	9	0	0
ENSMUSG00000098822.3	5	2	1	3	0	0	0	0
ENSMUSG00000080687.3	2	0	0	0	0	0	0	0
ENSMUSG00002076024.1	1	0	0	0	0	0	0	0
ENSMUSG00002075908.1	0	0	0	0	0	0	0	0
ENSMUSG00000106344.3	0	0	0	0	0	0	0	0
ENSMUSG00000098887.3	0	0	4	0	0	0	0	0
ENSMUSG00000099030.3	0	0	1	1	0	0	0	1
ENSMUSG00002075343.1	0	0	0	0	0	0	0	0
ENSMUSG00002076089.1	0	0	0	0	0	0	0	0
ENSMUSG00002076116.1	0	4	4	2	0	0	0	1
ENSMUSG00000076066.3	0	0	0	0	0	0	0	0
ENSMUSG00000099095.3	0	0	0	0	0	0	0	0
ENSMUSG00000106436.3	7	3	4	4	0	2	4	0
ENSMUSG00002075435.1	1	0	0	0	0	0	0	0
ENSMUSG00000078031.3	3	10	0	0	0	8	0	5
ENSMUSG00000098441.3	0	0	0	0	0	0	0	1
ENSMUSG00000065434.3	417	553	661	409	62	199	57	88
ENSMUSG00000099214.3	1	0	0	0	0	0	0	0
ENSMUSG00002076692.1	0	0	0	0	0	0	0	0
ENSMUSG00002075527.1	0	0	0	0	0	0	0	0
ENSMUSG00000105847.3	0	0	0	0	0	0	0	0
ENSMUSG00000089357.3	38	42	43	57	8	34	26	65
ENSMUSG00000092879.3	0	0	0	0	0	0	0	0
ENSMUSG00002075619.1	0	0	0	0	0	0	0	0
ENSMUSG00000093087.3	7	3	11	5	0	0	0	0
ENSMUSG00002075054.1	0	0	0	0	0	0	0	0
ENSMUSG00002074938.1	0	0	0	0	0	0	0	0
ENSMUSG00000065592.4	628	282	402	332	96	337	48	64
ENSMUSG00002076876.1	0	0	0	0	0	0	0	0
ENSMUSG00002076903.1	0	0	0	0	0	0	0	0
ENSMUSG00002076968.1	0	2	0	0	1	0	0	0
ENSMUSG00000098783.3	0	0	0	0	0	0	0	0
ENSMUSG00002076012.1	0	0	0	0	0	0	0	0
ENSMUSG00002076522.1	0	0	0	0	0	0	0	0
ENSMUSG00000088414.3	6	1	0	4	0	6	0	0
ENSMUSG00002076077.1	0	3	0	0	0	0	0	0
ENSMUSG00002075841.1	0	3	0	5	0	0	0	0
ENSMUSG00000098457.3	0	0	0	0	0	0	0	0
ENSMUSG00002076614.1	0	0	0	0	0	0	0	1
ENSMUSG00000099110.3	4	3	2	1	0	0	0	1
ENSMUSG00000105743.3	0	0	0	0	0	0	0	0
ENSMUSG00002076169.1	0	0	0	0	0	0	0	0
ENSMUSG00002075933.1	0	0	0	0	0	0	0	0
ENSMUSG00000065395.3	648	589	692	630	153	540	130	163
ENSMUSG00002076679.1	0	0	0	0	0	0	0	0
ENSMUSG00000076146.3	0	0	0	1	0	0	0	0
ENSMUSG00000065422.3	584	303	367	334	391	814	145	238
ENSMUSG00002075488.1	0	0	0	0	0	0	0	0
ENSMUSG00000099202.3	13	4	0	0	10	14	0	3
ENSMUSG00002075515.1	0	0	0	0	0	0	0	0
ENSMUSG00000098521.3	0	0	0	0	0	0	0	0
ENSMUSG00000099267.3	1	1	7	6	0	3	0	2
ENSMUSG00000065514.3	4454	3973	4531	3542	732	2987	535	1449
ENSMUSG00002076772.1	0	0	0	0	0	0	0	0
ENSMUSG00000065579.3	0	0	0	0	0	0	0	0
ENSMUSG00000098613.3	3	0	3	0	0	0	0	0
ENSMUSG00000065606.3	93	61	74	71	16	59	0	8
ENSMUSG00000065580.4	1287	1052	1405	1127	263	819	193	361
ENSMUSG00000119242.1	0	0	0	0	0	0	0	0
ENSMUSG00000119752.1	0	0	0	0	0	0	0	0
ENSMUSG00000093167.3	0	0	0	0	0	0	0	0
ENSMUSG00002075134.1	0	4	0	0	0	0	0	0
ENSMUSG00002076956.1	0	2	0	1	2	11	1	0
ENSMUSG00002075199.1	0	1	0	0	0	0	0	0
ENSMUSG00002076391.1	0	0	0	0	0	0	0	0
ENSMUSG00000070110.4	16	7	13	5	0	5	5	2
ENSMUSG00000098771.3	356	484	617	464	78	253	568	718
ENSMUSG00002076483.1	0	0	0	0	0	0	0	0
ENSMUSG00002075318.1	0	0	0	0	0	0	0	0
ENSMUSG00000098863.3	0	0	0	0	0	0	0	0
ENSMUSG00002075292.1	0	0	0	0	0	0	0	0
ENSMUSG00002076510.1	0	0	0	0	2	0	0	0
ENSMUSG00000076460.3	7850	8783	9737	7675	1416	5151	1602	3047
ENSMUSG00000084565.3	0	0	0	0	0	0	0	0
ENSMUSG00002076065.1	0	0	0	0	0	0	0	0
ENSMUSG00000093296.3	0	0	0	0	0	0	0	0
ENSMUSG00000076042.3	1	0	0	0	0	0	0	0
ENSMUSG00000099071.3	0	0	0	0	0	0	0	0
ENSMUSG00000065438.4	0	0	0	0	0	0	0	0
ENSMUSG00000098955.3	0	0	0	0	0	0	0	0
ENSMUSG00002075384.1	0	0	0	0	0	0	0	0
ENSMUSG00002076602.1	0	0	0	0	0	0	0	0
ENSMUSG00002075894.1	0	0	0	0	0	0	0	0
ENSMUSG00002076157.1	0	0	0	0	0	0	0	0
ENSMUSG00002076667.1	0	0	0	3	0	0	1	0
ENSMUSG00000099163.3	12	12	7	3	1	15	2	9
ENSMUSG00000088559.3	918	1449	1491	945	800	983	255	306
ENSMUSG00000065410.3	49690	22383	34515	31876	6280	13963	3714	7040
ENSMUSG00000098482.3	0	0	0	0	0	0	0	0
ENSMUSG00000065475.4	0	0	0	0	0	0	0	0
ENSMUSG00002076759.1	0	0	0	0	0	0	0	0
ENSMUSG00000065502.3	0	0	0	0	0	0	0	0
ENSMUSG00000080374.3	0	0	0	0	0	0	0	0
ENSMUSG00000098574.3	0	0	0	0	0	0	0	0
ENSMUSG00002074887.1	0	0	0	0	0	0	0	0
ENSMUSG00000088113.3	21	8	20	14	17	22	1	7
ENSMUSG00000065567.3	0	0	0	0	0	0	0	0
ENSMUSG00002075030.1	0	0	0	0	0	0	0	0
ENSMUSG00000076318.3	0	0	0	0	0	0	0	0
ENSMUSG00002076286.1	0	2	0	0	0	0	0	0
ENSMUSG00000098666.3	2	4	1	4	0	4	0	0
ENSMUSG00002075095.1	0	0	0	0	0	0	0	0
ENSMUSG00002076313.1	0	0	0	0	0	0	0	2
ENSMUSG00002074979.1	0	0	2	0	0	0	0	0
ENSMUSG00002075122.1	0	0	0	0	0	0	0	0
ENSMUSG00002076944.1	0	0	0	0	0	0	0	0
ENSMUSG00000106215.3	0	0	0	0	0	0	0	0
ENSMUSG00000070071.3	0	0	5	0	0	0	0	4
ENSMUSG00000093757.3	0	0	0	0	0	0	0	0
ENSMUSG00002075306.1	0	0	0	0	0	0	0	0
ENSMUSG00000098851.3	0	1	0	1	0	0	0	0
ENSMUSG00002075790.1	0	3	0	0	0	0	0	0
ENSMUSG00000106400.3	0	0	0	0	0	0	0	0
ENSMUSG00000093311.3	1	0	0	0	0	0	0	0
ENSMUSG00002075882.1	0	0	0	0	0	0	0	0
ENSMUSG00000106465.3	0	0	0	0	0	0	0	0
ENSMUSG00002076655.1	1	1	1	4	0	6	0	0
ENSMUSG00000093403.3	2	0	8	4	3	30	2	2
ENSMUSG00000084590.3	0	0	0	0	0	0	0	0
ENSMUSG00000092695.3	1	0	2	0	0	0	0	0
ENSMUSG00000098980.3	0	0	0	0	0	0	0	0
ENSMUSG00000119125.1	0	0	0	0	0	0	0	0
ENSMUSG00000076214.3	4	0	0	0	0	0	0	0
ENSMUSG00000088639.3	8	11	31	17	0	12	2	15
ENSMUSG00002075556.1	0	0	0	0	0	0	0	0
ENSMUSG00000092787.3	0	0	0	0	0	0	0	0
ENSMUSG00000098562.3	0	3	4	6	2	0	0	0
ENSMUSG00002076329.1	0	0	0	0	0	0	0	0
ENSMUSG00000065555.3	0	1	1	2	0	0	0	0
ENSMUSG00000077981.3	0	0	0	0	0	0	0	0
ENSMUSG00000080454.6	2	3	1	0	0	0	0	0
ENSMUSG00002076274.1	0	0	0	1	0	0	0	0
ENSMUSG00002075083.1	0	0	0	0	0	0	0	0
ENSMUSG00000092880.2	0	0	0	0	0	0	0	0
ENSMUSG00000076251.3	8927	7482	10793	9016	9673	20808	4188	6915
ENSMUSG00000104804.3	0	0	0	0	0	0	0	0
ENSMUSG00002075620.1	0	0	0	1	0	0	0	0
ENSMUSG00000119793.1	0	0	0	0	0	0	0	0
ENSMUSG00002076366.1	0	0	0	0	0	0	0	0
ENSMUSG00000092972.3	0	0	0	0	0	0	0	0
ENSMUSG00002075202.1	0	0	0	0	0	0	0	0
ENSMUSG00002075712.1	0	0	0	0	0	0	0	0
ENSMUSG00002076458.1	0	0	0	0	0	0	0	0
ENSMUSG00000098838.4	152	60	75	52	103	146	18	20
ENSMUSG00002075267.1	0	0	0	0	0	0	0	0
ENSMUSG00000093690.3	1	0	0	0	0	0	0	0
ENSMUSG00000098273.3	1	0	0	0	0	0	0	0
ENSMUSG00000098300.3	7	1	4	4	0	1	0	0
ENSMUSG00000098931.3	0	0	0	0	0	0	0	0
ENSMUSG00000119559.1	0	0	0	0	0	0	0	0
ENSMUSG00002075870.1	0	0	0	0	0	0	0	0
ENSMUSG00000092738.3	6	0	0	0	7	28	2	2
ENSMUSG00000119021.1	0	0	0	0	0	0	0	0
ENSMUSG00002076643.1	1	0	0	0	0	0	0	0
ENSMUSG00000065451.3	0	0	0	0	0	0	0	0
ENSMUSG00000077903.3	0	0	0	0	0	0	0	0
ENSMUSG00002076170.1	19	7	5	13	0	0	0	0
ENSMUSG00000098550.3	0	0	0	0	0	0	0	0
ENSMUSG00002076680.1	0	0	0	0	0	0	0	0
ENSMUSG00000065543.3	0	12	15	5	0	0	0	0
ENSMUSG00000092867.3	7	4	10	5	3	6	1	2
ENSMUSG00002076409.1	0	0	0	0	0	0	0	0
ENSMUSG00002075581.1	0	0	0	0	0	0	0	0
ENSMUSG00002076919.1	0	0	0	0	0	0	0	0
ENSMUSG00002076354.1	0	0	0	0	0	0	0	0
ENSMUSG00000093102.3	18	22	28	27	30	69	24	27
ENSMUSG00000098734.3	0	0	0	0	0	0	0	0
ENSMUSG00000098289.3	0	0	0	0	0	0	0	0
ENSMUSG00002075700.1	0	0	0	0	0	0	0	0
ENSMUSG00000070138.3	12	3	17	13	8	58	9	20
ENSMUSG00000098316.3	0	0	0	0	0	0	0	0
ENSMUSG00000080626.3	0	0	1	0	0	1	0	0
ENSMUSG00002076446.1	0	0	0	0	0	0	0	0
ENSMUSG00000076396.3	4	10	19	11	0	3	0	3
ENSMUSG00000098826.3	3	0	1	3	2	1	3	0
ENSMUSG00002075765.1	0	0	0	0	0	0	0	0
ENSMUSG00002076028.1	0	0	0	0	0	0	0	0
ENSMUSG00000106348.2	0	0	0	0	0	0	0	0
ENSMUSG00000098408.3	0	0	0	0	0	0	0	0
ENSMUSG00000076005.3	4	5	0	1	0	7	0	0
ENSMUSG00000098918.3	0	0	1	4	1	1	0	0
ENSMUSG00002075347.1	0	0	0	0	0	0	0	0
ENSMUSG00000098353.3	0	0	0	3	0	1	0	0
ENSMUSG00000119547.1	2	5	0	0	0	0	0	0
ENSMUSG00002075439.1	0	0	0	0	0	0	0	0
ENSMUSG00000078035.3	0	0	0	0	0	0	0	0
ENSMUSG00002075949.1	0	0	0	0	0	0	0	0
ENSMUSG00000098445.3	0	0	0	0	0	0	0	0
ENSMUSG00000084713.5	0	0	0	1	0	0	0	0
ENSMUSG00000099218.3	0	0	0	0	0	0	0	0
ENSMUSG00000099284.3	1	2	9	1	1	7	0	5
ENSMUSG00000099311.3	0	0	0	0	0	0	0	0
ENSMUSG00002075058.1	3	0	0	3	0	5	0	0
ENSMUSG00000093118.3	6	5	4	3	0	8	0	0
ENSMUSG00000065596.3	27	29	53	38	12	28	16	24
ENSMUSG00002076907.1	0	0	0	0	0	0	0	0
ENSMUSG00002075661.1	0	0	0	0	0	0	0	0
ENSMUSG00000070099.3	2	3	0	2	0	0	0	0
ENSMUSG00002075808.1	0	0	0	0	0	0	0	0
ENSMUSG00000070126.3	0	0	0	0	0	0	0	0
ENSMUSG00000098787.3	0	0	0	0	0	0	0	0
ENSMUSG00002076434.1	0	0	0	0	0	0	0	0
ENSMUSG00000084516.3	0	0	0	0	0	0	0	0
ENSMUSG00002075753.1	0	0	0	0	0	0	0	0
ENSMUSG00002076016.1	0	0	0	0	0	0	0	0
ENSMUSG00000106336.3	0	0	0	0	0	0	0	0
ENSMUSG00000098879.3	2	0	5	3	0	5	0	2
ENSMUSG00002076526.1	0	0	0	0	0	0	0	0
ENSMUSG00000098906.3	0	0	0	0	0	0	0	0
ENSMUSG00000118762.1	0	0	0	0	0	0	0	0
ENSMUSG00002075845.1	0	0	0	0	0	0	0	0
ENSMUSG00000098341.3	247	268	229	199	66	96	41	85
ENSMUSG00002076108.1	0	0	0	1	0	0	0	0
ENSMUSG00000065399.3	0	0	0	0	0	0	0	0
ENSMUSG00000098433.3	0	0	0	0	0	0	0	0
ENSMUSG00000065426.5	0	0	0	0	0	0	0	0
ENSMUSG00002075372.1	0	0	0	0	0	0	0	0
ENSMUSG00000105329.3	0	0	0	0	0	0	0	0
ENSMUSG00002076684.1	3	0	0	0	0	0	0	0
ENSMUSG00000098498.3	0	0	0	0	0	0	0	0
ENSMUSG00002076145.1	0	0	0	0	0	0	0	0
ENSMUSG00000092751.3	134	63	132	126	17	43	9	25
ENSMUSG00000076122.3	39705	36032	43854	33114	635	2550	3624	5137
ENSMUSG00000065518.4	64017	58530	62745	45289	24817	112263	23300	47222
ENSMUSG00000065492.3	97	48	52	76	33	106	14	49
ENSMUSG00000099272.3	0	0	1	0	0	0	0	0
ENSMUSG00000078060.3	2	6	7	8	4	16	0	0
ENSMUSG00000089294.3	0	0	0	0	0	0	0	0
ENSMUSG00002075046.1	0	0	0	0	0	0	0	0
ENSMUSG00000065611.3	12657	7205	11993	9318	576	1493	542	945
ENSMUSG00002075138.1	3	0	0	0	0	0	0	0
ENSMUSG00000105458.3	0	0	0	0	0	0	0	0
ENSMUSG00000098710.3	0	0	0	0	0	0	0	0
ENSMUSG00000080575.4	0	2	0	0	0	2	0	0
ENSMUSG00002076422.1	0	0	0	0	0	0	0	0
ENSMUSG00000076372.4	0	0	0	0	0	0	0	0
ENSMUSG00000098802.3	0	3	3	4	0	0	0	0
ENSMUSG00002076932.1	0	0	0	0	0	0	0	0
ENSMUSG00002075741.1	0	0	0	0	0	0	0	0
ENSMUSG00002076487.1	0	0	0	0	0	0	0	0
ENSMUSG00002075296.1	0	4	0	0	0	0	0	0
ENSMUSG00002075323.1	0	0	0	1	0	0	0	0
ENSMUSG00000099075.3	0	0	0	0	0	0	0	0
ENSMUSG00000093327.3	0	0	0	0	0	0	0	0
ENSMUSG00002075388.1	0	0	0	0	0	0	0	0
ENSMUSG00002075415.1	0	0	0	0	0	0	0	0
ENSMUSG00002075898.1	0	0	0	0	0	0	0	0
ENSMUSG00002076041.1	0	0	0	0	0	0	0	0
ENSMUSG00000076138.3	0	0	0	0	0	0	0	0
ENSMUSG00000065414.3	0	0	0	0	0	0	0	0
ENSMUSG00002075360.1	0	0	0	0	0	0	0	0
ENSMUSG00002076133.1	0	0	0	0	0	0	0	0
ENSMUSG00000098513.3	1	0	0	0	0	0	0	0
ENSMUSG00000065479.4	0	0	0	0	0	0	0	0
ENSMUSG00000099259.3	0	0	0	0	0	0	0	0
ENSMUSG00002075452.1	0	0	0	0	0	0	0	0
ENSMUSG00002075034.1	0	0	0	0	0	0	0	0
ENSMUSG00000118971.1	0	0	0	0	0	0	0	0
ENSMUSG00002075544.1	0	0	0	0	0	0	0	0
ENSMUSG00002075099.1	0	0	0	0	0	0	0	0
ENSMUSG00000098671.3	13	9	10	6	0	10	1	0
ENSMUSG00002076948.1	0	0	0	0	0	0	0	0
ENSMUSG00000070075.3	1	0	0	0	0	0	0	0
ENSMUSG00000092988.3	0	0	0	0	0	0	0	0
ENSMUSG00002076383.1	0	0	0	0	0	0	0	0
ENSMUSG00000070102.3	3261	3338	3779	2708	94	113	42	67
ENSMUSG00002075218.1	0	0	0	0	0	0	0	0
ENSMUSG00002076410.1	0	0	0	0	0	0	0	0
ENSMUSG00002076920.1	0	0	0	0	0	0	0	0
ENSMUSG00002076475.1	0	0	0	0	0	0	0	0
ENSMUSG00000098855.3	0	0	0	0	0	0	0	0
ENSMUSG00002076502.1	0	0	0	1	0	0	0	0
ENSMUSG00002076985.1	0	0	0	0	0	0	0	0
ENSMUSG00002075821.1	0	0	0	0	0	0	0	0
ENSMUSG00000099063.3	4	2	1	6	5	2	1	8
ENSMUSG00000093315.3	0	0	0	0	0	0	0	0
ENSMUSG00000088459.3	15	12	10	12	0	4	0	9
ENSMUSG00002075886.1	0	0	0	0	0	0	0	0
ENSMUSG00000105723.3	0	0	1	0	0	0	0	0
ENSMUSG00002075913.1	0	0	0	0	0	0	0	0
ENSMUSG00002076659.1	0	0	0	0	0	0	0	0
ENSMUSG00000065402.3	0	0	0	0	0	0	0	0
ENSMUSG00002075468.1	0	0	0	0	0	0	0	0
ENSMUSG00002076094.1	0	0	0	0	0	0	0	0
ENSMUSG00002075978.1	0	0	0	0	0	0	0	0
ENSMUSG00000089204.3	2	0	2	0	0	0	1	0
ENSMUSG00000098474.3	1	2	1	7	0	0	0	0
ENSMUSG00000098984.3	0	0	0	0	0	0	0	0
ENSMUSG00000076218.3	1	0	0	0	0	0	0	0
ENSMUSG00002075440.1	0	0	0	0	0	0	0	0
ENSMUSG00002076213.1	0	0	0	0	0	0	0	0
ENSMUSG00002074879.1	0	0	0	0	0	0	0	0
ENSMUSG00000076163.3	0	0	0	0	0	0	0	0
ENSMUSG00000065559.3	0	0	0	0	0	0	0	0
ENSMUSG00000119195.1	0	0	0	0	0	0	0	0
ENSMUSG00002075532.1	0	0	0	0	0	0	0	0
ENSMUSG00002076278.1	0	0	0	3	0	0	0	0
ENSMUSG00000098658.3	0	0	0	0	0	0	0	0
ENSMUSG00002076305.1	0	0	0	0	0	0	0	0
ENSMUSG00002074851.1	0	0	0	0	0	0	0	0
ENSMUSG00000076255.4	1375	984	1229	1123	1505	5743	890	1570
ENSMUSG00002075597.1	0	0	0	0	0	0	0	0
ENSMUSG00002076371.1	0	0	0	0	0	0	0	0
ENSMUSG00002075690.1	0	0	0	0	0	0	0	0
ENSMUSG00002076463.1	0	0	0	0	0	0	0	0
ENSMUSG00002075901.1	0	0	0	0	0	0	0	0
ENSMUSG00002076647.1	0	0	0	0	0	0	0	0
ENSMUSG00000118909.1	0	0	0	0	0	0	0	0
ENSMUSG00000077815.3	0	0	0	0	0	0	1	1
ENSMUSG00000065455.3	0	0	0	0	0	0	0	0
ENSMUSG00000098972.3	0	0	0	0	0	0	0	0
ENSMUSG00002076739.1	0	0	0	0	0	0	0	0
ENSMUSG00000099180.3	41	42	28	27	22	21	3	11
ENSMUSG00000065547.3	0	0	0	2	0	0	0	0
ENSMUSG00002075010.1	0	3	2	0	0	0	0	0
ENSMUSG00002075493.1	0	0	0	0	0	0	0	0
ENSMUSG00002076711.1	0	0	0	0	0	0	0	0
ENSMUSG00002075520.1	0	0	0	0	0	1	0	2
ENSMUSG00002076266.1	0	0	0	0	0	0	0	0
ENSMUSG00000098646.3	0	0	0	0	0	0	0	0
ENSMUSG00002075075.1	2	1	0	0	4	4	0	0
ENSMUSG00000105932.3	17	20	12	21	0	1	0	3
ENSMUSG00000119785.1	0	0	0	0	0	0	0	0
ENSMUSG00000104741.3	3	3	3	6	6	11	3	2
ENSMUSG00000093080.3	34	50	60	42	17	24	6	5
ENSMUSG00000076335.3	0	0	0	5	0	0	0	1
ENSMUSG00002075677.1	0	0	0	0	0	0	0	0
ENSMUSG00002075704.1	0	0	0	0	0	0	0	0
ENSMUSG00000093172.3	0	0	0	0	0	0	0	0
ENSMUSG00002075769.1	0	0	0	0	0	0	0	0
ENSMUSG00000076009.3	0	0	0	0	0	0	0	0
ENSMUSG00002075231.1	1	0	1	3	1	0	0	0
ENSMUSG00002076004.1	0	0	0	0	0	0	0	0
ENSMUSG00002075862.1	0	3	2	1	0	0	0	0
ENSMUSG00002076635.1	0	0	0	0	0	0	0	0
ENSMUSG00000099131.3	4	3	9	2	1	0	0	0
ENSMUSG00002076070.1	0	0	0	0	0	0	0	0
ENSMUSG00002075954.1	0	0	0	0	0	0	0	0
ENSMUSG00000099196.3	0	0	0	0	0	0	0	0
ENSMUSG00000065443.3	0	0	0	0	0	0	0	0
ENSMUSG00000098960.3	0	0	2	3	0	0	0	0
ENSMUSG00002076727.1	0	0	0	0	0	0	0	0
ENSMUSG00000099223.3	0	2	0	3	0	0	0	0
ENSMUSG00002076162.1	0	0	0	0	0	0	0	0
ENSMUSG00000088054.3	58	55	70	36	307	786	130	213
ENSMUSG00002076672.1	0	0	0	0	0	0	0	0
ENSMUSG00000098634.3	0	0	0	0	0	0	0	0
ENSMUSG00000065480.3	0	0	0	0	0	0	0	0
ENSMUSG00002076764.1	0	0	0	2	0	0	0	0
ENSMUSG00000099260.3	0	0	0	0	0	0	0	0
ENSMUSG00002075573.1	0	0	0	0	0	0	0	0
ENSMUSG00000080526.3	0	0	0	0	0	0	0	0
ENSMUSG00002076346.1	45	15	37	29	3	13	2	8
ENSMUSG00000098726.3	0	0	0	1	2	0	0	0
ENSMUSG00000065572.3	257	206	259	146	1028	2012	388	505
ENSMUSG00002076856.1	2	0	0	0	0	0	0	0
ENSMUSG00000104794.3	8	5	17	5	0	4	2	1
ENSMUSG00002075757.1	0	0	0	0	0	0	0	0
ENSMUSG00000106193.3	0	0	0	2	0	0	0	0
ENSMUSG00000098253.3	0	0	0	0	0	0	0	0
ENSMUSG00002075339.1	0	0	0	0	0	0	0	0
ENSMUSG00002075849.1	0	0	1	0	0	0	0	0
ENSMUSG00002075284.1	0	0	0	0	0	0	0	0
ENSMUSG00000099118.3	0	0	0	0	0	0	0	0
ENSMUSG00002076057.1	0	0	0	0	0	0	0	0
ENSMUSG00000098437.3	0	0	2	0	1	0	0	0
ENSMUSG00002075376.1	0	0	0	0	0	0	0	0
ENSMUSG00002075403.1	0	0	0	0	0	0	0	0
ENSMUSG00000087899.3	0	0	0	0	0	0	0	0
ENSMUSG00000076126.3	3	0	0	3	0	0	1	0
ENSMUSG00002076150.1	0	1	0	0	0	0	0	0
ENSMUSG00000106470.3	0	0	0	0	0	0	0	0
ENSMUSG00000065523.3	4959	4015	4789	3477	680	1917	261	544
ENSMUSG00000088552.3	4	2	2	2	0	0	0	0
ENSMUSG00002076807.1	0	0	0	0	0	0	0	0
ENSMUSG00000092847.3	0	0	0	0	0	0	0	0
ENSMUSG00002076752.1	0	0	0	0	0	0	0	0
ENSMUSG00000098687.3	4	6	18	17	1	0	1	0
ENSMUSG00000098714.3	9	15	6	7	5	18	7	11
ENSMUSG00000065560.3	5016	3006	3817	2774	1212	4236	685	1697
ENSMUSG00002075653.1	0	0	0	0	0	0	0	1
ENSMUSG00000106236.3	0	0	0	0	0	0	0	0
ENSMUSG00002076426.1	0	0	0	0	0	0	0	0
ENSMUSG00002074972.1	2	0	0	2	0	0	0	0
ENSMUSG00000076376.3	2800	2316	2282	2073	4670	12365	3050	4570
ENSMUSG00002076936.1	0	0	0	0	0	0	0	0
ENSMUSG00000106328.3	4	3	6	0	0	2	0	0
ENSMUSG00000098751.3	0	0	0	0	0	0	0	0
ENSMUSG00002075180.1	0	0	0	0	0	0	0	0
ENSMUSG00002076518.1	0	0	0	0	0	0	0	0
ENSMUSG00002075837.1	0	0	0	0	0	0	0	0
ENSMUSG00000099079.3	0	0	0	0	0	0	0	0
ENSMUSG00002075272.1	0	0	0	0	0	0	0	0
ENSMUSG00000095269.3	0	0	0	0	0	0	0	0
ENSMUSG00002075929.1	0	0	0	0	0	0	0	0
ENSMUSG00000065418.3	33335	23382	34248	29762	288	766	1000	1229
ENSMUSG00002075364.1	0	0	0	0	0	0	0	0
ENSMUSG00002076137.1	0	0	0	0	0	0	0	0
ENSMUSG00002075456.1	0	0	0	0	0	0	0	0
ENSMUSG00000080409.3	0	0	0	0	0	0	0	0
ENSMUSG00002075038.1	0	0	0	0	0	0	0	0
ENSMUSG00002076230.1	0	0	0	0	0	0	0	0
ENSMUSG00000077881.3	0	0	0	0	0	0	0	0
ENSMUSG00002076740.1	0	0	0	0	0	0	0	0
ENSMUSG00002076295.1	0	0	0	0	0	0	0	0
ENSMUSG00000098675.3	0	0	0	0	0	0	0	0
ENSMUSG00000106642.3	0	0	0	0	0	0	0	0
ENSMUSG00000076272.3	53	43	54	34	45	77	22	16
ENSMUSG00002076832.1	0	0	0	0	0	0	0	0
ENSMUSG00002075641.1	0	0	0	0	0	0	0	0
ENSMUSG00000070106.3	0	0	1	0	0	0	0	0
ENSMUSG00002076414.1	0	0	0	0	0	0	0	0
ENSMUSG00002075733.1	0	0	0	0	0	0	0	0
ENSMUSG00002076479.1	0	0	0	0	0	0	0	0
ENSMUSG00000093227.3	0	0	0	0	0	0	0	0
ENSMUSG00000076456.3	0	0	0	0	0	0	0	0
ENSMUSG00002076451.1	0	0	0	0	0	0	0	0
ENSMUSG00000098831.3	4	0	7	1	0	0	0	1
ENSMUSG00000092638.3	0	0	0	0	0	0	0	0
ENSMUSG00000098413.3	0	0	0	0	0	0	0	0
ENSMUSG00000098896.3	26	22	1	6	13	25	5	20
ENSMUSG00000076010.3	1050	732	701	694	85	127	51	28
ENSMUSG00000065406.5	0	0	0	0	0	0	0	0
ENSMUSG00002076098.1	0	0	0	0	0	0	0	0
ENSMUSG00002076125.1	0	0	0	0	0	0	0	0
ENSMUSG00000104991.4	0	0	0	0	0	0	0	0
ENSMUSG00000077897.3	5	0	3	7	10	0	3	0
ENSMUSG00002075444.1	0	0	0	0	0	0	0	0
ENSMUSG00002076217.1	0	0	0	0	0	0	0	0
ENSMUSG00002075026.1	0	0	0	0	0	0	0	0
ENSMUSG00002075536.1	0	0	0	0	0	0	0	0
ENSMUSG00002076309.1	0	0	0	0	0	0	0	0
ENSMUSG00002075118.1	0	0	0	0	0	0	0	0
ENSMUSG00002076793.1	0	0	0	0	0	0	0	0
ENSMUSG00002075628.1	0	0	0	0	0	0	0	0
ENSMUSG00000104757.4	0	0	0	0	0	0	0	0
ENSMUSG00000093096.3	0	0	0	0	0	0	0	0
ENSMUSG00002075063.1	0	0	0	0	0	0	0	0
ENSMUSG00002074947.1	0	0	0	0	0	0	0	0
ENSMUSG00000119263.1	0	0	0	0	0	0	0	0
ENSMUSG00002075694.1	0	0	0	0	0	0	0	0
ENSMUSG00002076912.1	0	0	0	0	0	0	0	0
ENSMUSG00002075721.1	0	0	0	0	0	0	0	0
ENSMUSG00000092952.3	0	0	0	0	0	0	0	0
ENSMUSG00002076467.1	0	0	0	0	0	0	0	0
ENSMUSG00000093215.3	6	2	5	4	0	4	0	1
ENSMUSG00000076444.3	0	0	0	0	0	0	0	0
ENSMUSG00000098282.3	0	0	0	0	0	0	0	0
ENSMUSG00002075813.1	0	0	0	0	0	0	0	0
ENSMUSG00000119447.1	0	0	0	0	0	0	0	0
ENSMUSG00002075878.1	0	0	0	0	0	0	0	0
ENSMUSG00000098401.3	1	3	0	0	0	0	0	0
ENSMUSG00000098884.3	0	0	2	0	0	3	0	0
ENSMUSG00000099147.3	2	1	0	5	3	5	3	0
ENSMUSG00002075340.1	0	0	0	0	0	0	0	0
ENSMUSG00002075850.1	0	0	0	0	0	0	0	0
ENSMUSG00000099092.3	7	13	7	7	0	11	5	5
ENSMUSG00000076063.3	0	0	0	0	0	0	0	0
ENSMUSG00000098976.3	0	0	0	0	0	1	0	0
ENSMUSG00000078027.3	0	0	1	2	0	0	0	0
ENSMUSG00002075942.1	0	0	0	0	0	0	0	0
ENSMUSG00000098558.3	22	25	22	20	0	24	3	2
ENSMUSG00000099184.3	0	0	0	0	0	0	0	0
ENSMUSG00000065431.3	3114	1552	2109	1638	1037	2882	509	1141
ENSMUSG00002075497.1	0	0	0	0	0	0	0	0
ENSMUSG00002075524.1	17	19	30	21	0	0	0	1
ENSMUSG00002075079.1	0	0	0	0	0	0	1	0
ENSMUSG00000094210.3	0	0	0	0	0	0	0	0
ENSMUSG00000105399.3	0	0	0	0	0	0	0	0
ENSMUSG00002075708.1	0	0	0	0	0	0	0	0
ENSMUSG00002076900.1	0	0	0	0	0	0	0	0
ENSMUSG00000119908.1	0	0	0	0	0	0	0	0
ENSMUSG00000093176.3	3106	1909	2531	1776	33	636	668	642
ENSMUSG00002075143.1	0	0	0	0	0	0	0	0
ENSMUSG00000098269.3	0	0	0	0	0	0	3	0
ENSMUSG00002076965.1	0	0	0	0	0	0	2	0
ENSMUSG00002075774.1	0	0	0	0	0	0	0	0
ENSMUSG00000080580.3	0	0	0	0	0	0	0	0
ENSMUSG00000098780.3	0	0	0	0	0	0	0	0
ENSMUSG00002076008.1	2	0	0	0	0	0	0	0
ENSMUSG00002075866.1	0	0	0	0	0	0	0	0
ENSMUSG00000098362.3	0	0	0	0	0	0	0	0
ENSMUSG00002076492.1	0	0	0	0	0	0	0	0
ENSMUSG00002076639.1	0	0	0	0	0	0	0	0
ENSMUSG00000092679.3	0	0	0	0	0	0	0	0
ENSMUSG00002075958.1	0	0	0	0	0	0	0	0
ENSMUSG00000098454.3	9	2	2	3	0	5	2	0
ENSMUSG00002076101.1	0	0	0	0	0	0	0	0
ENSMUSG00002076584.1	0	0	0	0	0	0	0	0
ENSMUSG00000099080.3	0	0	0	0	0	0	0	0
ENSMUSG00000076051.3	0	0	0	0	0	0	0	0
ENSMUSG00000065447.3	0	0	1	0	0	0	0	0
ENSMUSG00000099227.3	0	0	0	0	0	0	0	0
ENSMUSG00002076166.1	0	0	0	0	0	0	0	0
ENSMUSG00002076676.1	0	0	0	0	0	0	0	0
ENSMUSG00000099172.3	0	0	0	0	0	0	0	0
ENSMUSG00000076143.3	22	3	17	22	16	48	8	11
ENSMUSG00000065539.3	0	0	0	0	0	0	0	0
ENSMUSG00002075485.1	0	0	0	0	0	0	0	0
ENSMUSG00000099319.3	0	0	0	0	0	0	0	0
ENSMUSG00000106578.3	0	0	0	0	0	0	0	0
ENSMUSG00000065484.3	1871	1646	2029	1563	1955	6237	992	1549
ENSMUSG00000099264.3	0	0	0	0	0	0	0	0
ENSMUSG00000065511.3	2	0	0	0	0	0	0	0
ENSMUSG00000098583.3	0	0	0	0	0	0	0	0
ENSMUSG00000119804.2	0	1	1	3	0	0	0	0
ENSMUSG00002075159.1	0	0	0	0	0	0	0	0
ENSMUSG00002074923.1	0	0	0	0	0	0	0	0
ENSMUSG00000065603.3	14	14	6	9	30	48	6	15
ENSMUSG00002076861.1	0	0	0	0	0	0	0	0
ENSMUSG00002075131.1	0	0	0	0	0	0	0	0
ENSMUSG00002076953.1	0	0	0	0	0	0	0	0
ENSMUSG00000070080.3	0	0	0	0	0	0	0	0
ENSMUSG00002075196.1	0	0	0	0	0	0	0	0
ENSMUSG00002076480.1	0	0	0	0	0	0	0	0
ENSMUSG00000093348.3	0	0	0	0	0	0	0	0
ENSMUSG00002075315.1	0	0	0	0	0	0	0	0
ENSMUSG00002076062.1	0	0	0	0	0	0	0	0
ENSMUSG00000093293.2	3	2	0	0	0	22	9	2
ENSMUSG00002076572.1	0	0	0	0	0	0	0	0
ENSMUSG00000088464.3	0	0	0	0	0	0	0	0
ENSMUSG00000098952.3	0	0	0	0	0	0	0	0
ENSMUSG00002075891.1	0	0	0	0	0	0	0	0
ENSMUSG00002076154.1	0	0	0	0	0	0	0	0
ENSMUSG00000119042.1	0	0	0	0	0	0	0	0
ENSMUSG00002076664.1	0	0	0	0	0	0	0	0
ENSMUSG00000099160.3	0	0	1	0	0	0	0	0
ENSMUSG00000065527.3	0	0	0	0	0	0	0	0
ENSMUSG00002075473.1	0	0	0	0	0	0	0	0
ENSMUSG00002075500.1	0	0	0	0	0	0	0	0
ENSMUSG00002075983.1	0	0	0	0	0	0	0	0
ENSMUSG00002076246.1	0	0	0	0	0	0	0	0
ENSMUSG00000065472.3	29	7	17	19	6	21	6	2
ENSMUSG00000065619.4	129545	161973	201452	141171	18426	60066	19842	33295
ENSMUSG00002075565.1	0	0	0	0	0	0	0	0
ENSMUSG00002076338.1	0	0	0	0	0	0	0	0
ENSMUSG00002074884.1	0	0	0	0	0	0	0	0
ENSMUSG00000076288.3	11	9	6	4	14	41	5	10
ENSMUSG00000098718.3	0	0	0	0	0	0	0	0
ENSMUSG00000065564.3	0	0	0	0	0	0	0	0
ENSMUSG00000076315.4	0	0	0	0	0	0	0	0
ENSMUSG00002076283.1	0	0	0	0	0	0	0	0
ENSMUSG00000098663.3	0	0	0	0	0	0	0	0
ENSMUSG00002075092.1	0	0	0	0	0	0	0	0
ENSMUSG00002076310.1	1	0	0	0	0	0	0	0
ENSMUSG00000119292.1	0	0	0	0	0	0	0	0
ENSMUSG00002076941.1	0	0	0	0	0	0	0	0
ENSMUSG00002075184.1	0	0	0	0	0	0	0	0
ENSMUSG00000092981.3	0	2	0	0	4	0	0	0
ENSMUSG00002075211.1	0	0	0	0	0	0	0	0
ENSMUSG00000076983.4	293	204	434	262	54	119	9	43
ENSMUSG00000093336.3	0	0	0	0	0	0	0	0
ENSMUSG00002075303.1	0	0	0	0	0	0	0	0
ENSMUSG00000105178.3	0	0	0	0	0	0	0	0
ENSMUSG00002075368.1	0	0	0	0	0	0	0	0
ENSMUSG00002076560.1	0	0	0	0	0	0	0	0
ENSMUSG00000092747.4	4	0	0	0	0	0	0	0
ENSMUSG00000076118.3	130153	255639	257706	146879	227757	543963	105391	170689
ENSMUSG00000088544.3	36	41	49	27	5	57	4	10
ENSMUSG00002075971.1	0	0	0	0	0	0	0	0
ENSMUSG00000118979.1	0	2	0	3	0	1	0	0
ENSMUSG00000065460.3	0	0	0	0	0	0	0	0
ENSMUSG00002075553.1	0	0	0	0	0	0	0	0
ENSMUSG00000092784.3	0	0	0	0	0	0	0	0
ENSMUSG00002076299.1	0	0	0	0	0	0	0	0
ENSMUSG00000098679.3	0	0	0	0	0	0	0	0
ENSMUSG00002074872.1	1	2	1	3	0	0	0	0
ENSMUSG00000098706.3	6	12	3	11	2	0	0	0
ENSMUSG00000065552.3	0	0	0	0	0	0	0	0
ENSMUSG00000077049.4	11191	16813	19579	13791	3548	5516	1862	3147
ENSMUSG00000098651.3	0	0	0	0	0	0	0	0
ENSMUSG00002076418.1	0	0	0	0	0	0	0	0
ENSMUSG00000119306.1	0	1	0	0	0	0	0	0
ENSMUSG00002075737.1	0	0	0	0	0	0	0	0
ENSMUSG00000077021.4	2538	3194	4087	2688	247	555	247	386
ENSMUSG00000099006.3	0	4	0	0	0	0	0	0
ENSMUSG00000077086.3	2047	4259	4921	3113	763	3225	777	1306
ENSMUSG00000098325.3	4	0	7	2	0	1	0	0
ENSMUSG00000077113.4	0	20	4	2	1	5	0	3
ENSMUSG00000119882.1	0	0	0	0	0	0	0	0
ENSMUSG00000104958.3	0	0	0	0	0	0	0	0
ENSMUSG00002075264.1	0	0	0	0	0	0	0	0
ENSMUSG00002076037.1	0	0	0	0	0	0	0	0
ENSMUSG00000098417.3	0	1	0	0	0	0	3	0
ENSMUSG00000099043.3	5	1	0	0	1	2	4	0
ENSMUSG00000076014.3	2	0	0	0	0	0	0	0
ENSMUSG00000093508.3	1	3	0	0	0	0	0	2
ENSMUSG00000077928.3	19	8	11	5	0	29	9	7
ENSMUSG00000092827.3	11	2	7	1	2	2	0	2
ENSMUSG00002074859.1	0	0	0	0	0	0	0	0
ENSMUSG00002075002.1	0	0	0	0	0	0	0	0
ENSMUSG00002076797.1	1	0	0	0	0	0	0	0
ENSMUSG00000099293.3	0	0	0	0	0	0	0	0
ENSMUSG00000065540.3	0	0	0	0	0	0	0	0
ENSMUSG00002076824.1	0	0	0	0	0	0	0	0
ENSMUSG00000099320.3	0	0	2	0	0	1	0	0
ENSMUSG00002076406.1	0	0	1	0	0	0	0	0
ENSMUSG00002076889.1	0	0	0	0	0	0	0	0
ENSMUSG00002074952.1	0	0	0	0	0	0	0	0
ENSMUSG00002076916.1	0	0	0	0	0	0	0	0
ENSMUSG00002075725.1	0	2	0	3	0	0	0	0
ENSMUSG00000093219.3	0	0	0	0	0	0	0	0
ENSMUSG00000098731.3	10	0	0	4	0	1	0	0
ENSMUSG00000076448.3	0	0	0	1	0	0	2	0
ENSMUSG00002075670.1	0	0	0	0	0	0	0	0
ENSMUSG00000098286.3	1	10	5	9	0	6	0	0
ENSMUSG00002075817.1	0	0	0	0	0	0	0	0
ENSMUSG00000106253.3	0	0	0	0	0	0	0	0
ENSMUSG00000118678.1	0	0	0	0	0	0	0	0
ENSMUSG00002076443.1	0	0	0	0	0	0	0	0
ENSMUSG00000098823.3	0	2	2	2	0	0	0	0
ENSMUSG00002076535.1	0	0	0	0	0	0	0	0
ENSMUSG00000099031.3	0	0	0	4	5	7	0	4
ENSMUSG00002075854.1	0	0	0	0	0	0	0	0
ENSMUSG00000119544.2	0	0	0	2	0	0	0	0
ENSMUSG00000099096.3	0	0	0	0	0	0	0	0
ENSMUSG00000076067.3	0	0	0	0	0	0	0	0
ENSMUSG00000099123.3	15	17	20	1	16	3	4	2
ENSMUSG00002075436.1	0	0	0	0	0	0	0	0
ENSMUSG00000078032.3	0	0	0	0	0	0	0	0
ENSMUSG00000098442.3	18	4	5	9	0	11	8	6
ENSMUSG00000119636.1	0	0	0	0	0	0	0	0
ENSMUSG00002076209.1	0	0	0	0	0	0	0	0
ENSMUSG00000065435.3	227	256	333	248	0	1	1	3
ENSMUSG00000119071.1	0	0	0	0	0	0	0	0
ENSMUSG00000093441.3	1	0	0	0	0	1	0	0
ENSMUSG00002075528.1	0	0	0	0	0	0	0	0
ENSMUSG00000092907.3	0	0	0	0	0	0	0	0
ENSMUSG00002076785.1	0	0	0	0	0	0	0	0
ENSMUSG00002076812.1	0	0	0	0	0	0	0	0
ENSMUSG00002075055.1	0	0	0	0	0	0	0	0
ENSMUSG00000092852.3	0	0	0	0	0	0	0	0
ENSMUSG00000065593.3	385	295	440	218	52	91	19	35
ENSMUSG00002076877.1	0	0	0	0	0	0	0	0
ENSMUSG00002076904.1	0	0	0	0	0	0	0	0
ENSMUSG00000093060.3	0	0	0	0	2	1	0	0
ENSMUSG00002076969.1	0	0	0	0	0	0	0	0
ENSMUSG00000076946.4	12	0	6	0	0	0	0	0
ENSMUSG00002076431.1	0	0	0	0	0	0	0	0
ENSMUSG00000098811.3	12	4	20	8	5	3	2	3
ENSMUSG00002075240.1	0	0	0	0	0	0	0	0
ENSMUSG00000098366.3	0	0	0	1	0	0	0	0
ENSMUSG00000098876.3	0	0	0	1	0	0	0	0
ENSMUSG00002076523.1	0	0	0	0	0	0	0	0
ENSMUSG00002075842.1	0	1	0	0	0	0	0	0
ENSMUSG00000098458.3	1	0	3	3	0	1	0	0
ENSMUSG00002076105.1	0	0	0	0	0	0	0	0
ENSMUSG00002076588.1	0	0	0	0	0	0	0	0
ENSMUSG00000106425.2	0	0	0	0	0	0	0	0
ENSMUSG00002075424.1	0	0	0	0	0	0	0	0
ENSMUSG00000065396.3	72424	61576	68491	52727	4880	17486	5506	10920
ENSMUSG00000076147.3	0	0	0	0	0	0	0	0
ENSMUSG00000099176.3	0	0	2	2	0	0	1	0
ENSMUSG00000065423.3	49	34	69	68	0	5	5	12
ENSMUSG00002075489.1	0	0	1	0	0	0	0	0
ENSMUSG00000099203.3	0	0	1	0	0	0	1	0
ENSMUSG00002075516.1	0	0	0	0	0	0	0	0
ENSMUSG00002075999.1	0	0	0	0	0	0	0	0
ENSMUSG00002076142.1	0	0	0	0	0	0	0	0
ENSMUSG00000098522.3	0	0	0	0	0	0	0	0
ENSMUSG00000065488.4	23	65	69	54	8	22	7	8
ENSMUSG00000065515.3	42463	26800	37333	36650	2695	7584	2493	3714
ENSMUSG00002075608.1	0	0	0	0	0	0	0	0
ENSMUSG00000077941.3	11	5	10	11	1	4	0	2
ENSMUSG00002076800.1	0	0	0	0	0	0	0	0
ENSMUSG00002074927.1	0	0	0	0	0	0	0	0
ENSMUSG00000065607.3	0	0	0	0	0	0	0	0
ENSMUSG00000065581.3	4	3	14	9	2	0	0	0
ENSMUSG00000098680.3	6	4	0	0	6	0	0	0
ENSMUSG00000106228.3	0	0	0	0	0	0	0	0
ENSMUSG00000070084.5	0	0	0	0	0	0	0	0
ENSMUSG00000093140.3	3	1	7	1	0	2	0	2
ENSMUSG00002075227.1	0	0	2	0	0	0	0	0
ENSMUSG00002076484.1	0	0	0	1	0	0	2	0
ENSMUSG00002075319.1	0	0	0	0	0	0	0	0
ENSMUSG00002075293.1	0	0	0	0	0	0	0	0
ENSMUSG00002076511.1	0	0	0	0	0	0	0	0
ENSMUSG00002076576.1	0	0	0	0	0	0	0	0
ENSMUSG00000099072.3	0	0	0	0	0	0	0	0
ENSMUSG00000065439.3	0	0	0	0	0	0	0	0
ENSMUSG00002075412.1	0	0	0	0	0	0	0	0
ENSMUSG00002075895.1	0	0	0	0	0	0	0	0
ENSMUSG00000065411.4	445	526	589	465	474	1120	160	392
ENSMUSG00002075477.1	0	0	0	0	0	0	0	0
ENSMUSG00000098483.3	2	3	2	4	2	7	0	8
ENSMUSG00002076130.1	0	0	0	0	0	0	0	0
ENSMUSG00000098510.3	0	0	0	0	0	0	0	0
ENSMUSG00000065476.4	470	362	524	288	39	91	21	36
ENSMUSG00000105379.3	11	4	9	7	3	0	3	1
ENSMUSG00000065503.3	21480	17007	21332	16869	128	436	688	1002
ENSMUSG00002076222.1	0	0	0	0	0	0	0	0
ENSMUSG00000065568.3	0	0	0	0	0	0	0	0
ENSMUSG00000098602.3	8	8	5	11	0	6	1	0
ENSMUSG00002075031.1	12	26	16	23	1	8	3	4
ENSMUSG00002075541.1	0	0	0	0	0	0	0	0
ENSMUSG00000089371.3	2	3	0	4	0	0	0	0
ENSMUSG00002074860.1	0	0	0	0	0	0	0	0
ENSMUSG00002075123.1	0	0	0	0	0	0	0	0
ENSMUSG00000098759.3	20	18	35	23	6	17	6	2
ENSMUSG00000070072.3	0	0	0	0	0	0	0	0
ENSMUSG00002075188.1	10	6	14	4	0	3	1	7
ENSMUSG00000092985.3	63	35	40	64	17	34	2	12
ENSMUSG00002075215.1	0	0	0	0	0	0	0	0
ENSMUSG00000096377.2	0	0	0	0	0	0	0	0
ENSMUSG00000104854.3	4	1	11	3	1	2	0	0
ENSMUSG00000089555.3	2	7	12	2	0	0	0	0
ENSMUSG00000092659.3	5	5	6	11	0	0	1	5
ENSMUSG00000088901.3	91	49	43	53	20	51	8	3
ENSMUSG00002076564.1	0	0	0	0	0	0	0	0
ENSMUSG00000099060.3	1	11	8	1	0	1	0	0
ENSMUSG00000098944.3	4	0	6	0	0	0	0	0
ENSMUSG00000099152.3	2	4	0	3	0	0	0	0
ENSMUSG00002075465.1	0	0	0	0	0	0	0	0
ENSMUSG00000092696.3	0	0	0	0	0	0	0	0
ENSMUSG00002076091.1	0	0	0	0	0	0	0	0
ENSMUSG00002076238.1	0	0	0	0	0	0	0	0
ENSMUSG00000065464.4	6732	2778	5676	5348	804	1238	453	709
ENSMUSG00000098981.3	0	0	6	0	0	3	0	0
ENSMUSG00000077890.3	0	0	0	0	0	0	0	0
ENSMUSG00002076183.1	0	0	0	0	0	0	0	0
ENSMUSG00000098563.3	2	0	0	4	0	0	0	0
ENSMUSG00000105904.3	0	0	0	0	0	0	0	0
ENSMUSG00000092815.3	96	98	215	87	19	62	2	33
ENSMUSG00000065556.3	8545	4730	5851	4663	2504	8988	1127	2648
ENSMUSG00000098655.3	0	0	0	0	0	0	0	0
ENSMUSG00002075084.1	4	0	0	0	0	0	0	0
ENSMUSG00000076252.3	0	1	0	1	0	0	0	0
ENSMUSG00002075111.1	0	0	0	0	0	0	0	0
ENSMUSG00002075621.1	0	0	0	0	0	0	0	0
ENSMUSG00000077025.4	102	83	108	54	8	45	7	10
ENSMUSG00002076367.1	0	0	0	0	0	0	0	0
ENSMUSG00002075176.1	0	0	0	0	0	0	0	0
ENSMUSG00002074940.1	0	0	0	0	0	0	0	0
ENSMUSG00000105496.3	0	2	4	4	0	0	0	0
ENSMUSG00002075686.1	0	0	0	0	0	0	0	0
ENSMUSG00000093746.3	4	5	6	7	4	20	0	3
ENSMUSG00002075713.1	0	0	0	0	0	0	0	0
ENSMUSG00000098329.3	0	0	0	0	0	0	0	0
ENSMUSG00002076459.1	0	0	0	0	0	0	0	0
ENSMUSG00000098839.3	5	0	7	10	3	3	0	3
ENSMUSG00002076970.1	0	1	0	0	0	0	0	0
ENSMUSG00002075805.1	0	0	0	0	0	0	0	0
ENSMUSG00000099047.3	4	0	5	0	0	0	0	0
ENSMUSG00000093273.4	0	0	0	0	0	0	0	0
ENSMUSG00000098932.3	0	0	0	0	0	0	0	0
ENSMUSG00000105142.3	0	0	0	0	0	0	0	0
ENSMUSG00000098997.3	3	0	0	0	1	0	0	0
ENSMUSG00002076644.1	0	0	0	0	0	0	0	0
ENSMUSG00000099140.3	4	7	0	3	3	6	0	0
ENSMUSG00002075963.1	0	0	0	0	0	0	0	0
ENSMUSG00000087855.3	0	0	0	0	0	0	0	0
ENSMUSG00000065452.2	0	0	0	0	0	0	0	0
ENSMUSG00000119114.2	0	0	0	0	0	0	0	0
ENSMUSG00002076171.1	0	0	0	0	0	0	0	0
ENSMUSG00000093039.3	0	7	0	14	0	0	0	1
ENSMUSG00002075006.1	0	0	0	0	0	0	0	0
ENSMUSG00000065544.2	1052	492	687	391	752	2028	348	589
ENSMUSG00002076828.1	0	0	0	0	0	0	0	0
ENSMUSG00000099324.3	0	0	0	0	0	0	0	0
ENSMUSG00000092868.3	0	0	0	0	0	0	0	0
ENSMUSG00002076263.1	0	0	0	0	0	0	0	0
ENSMUSG00000093011.3	0	0	0	0	0	0	0	0
ENSMUSG00002075072.1	0	0	0	0	0	0	1	0
ENSMUSG00000076240.3	282	214	238	201	19	26	13	14
ENSMUSG00000093076.3	0	0	0	0	0	0	0	0
ENSMUSG00000098735.3	12	6	9	6	2	3	0	0
ENSMUSG00000070139.3	18497	14028	16144	12413	9411	42417	4669	12332
ENSMUSG00000098317.3	3	0	4	0	0	0	3	1
ENSMUSG00002074993.1	0	0	0	0	0	0	0	0
ENSMUSG00000076424.4	0	0	0	0	0	0	0	0
ENSMUSG00000118710.1	0	0	0	0	0	0	0	0
ENSMUSG00000119456.1	0	0	0	0	0	0	0	0
ENSMUSG00000099035.3	0	0	1	0	2	5	0	0
ENSMUSG00000076006.4	7	23	12	12	4	6	1	2
ENSMUSG00000098919.3	12	13	16	18	4	18	3	6
ENSMUSG00002075348.1	1	0	0	0	0	0	0	0
ENSMUSG00002076001.1	0	0	0	0	0	0	0	0
ENSMUSG00000098446.3	2	7	0	4	0	0	0	0
ENSMUSG00002075951.1	0	0	0	0	0	0	0	0
ENSMUSG00002076697.1	0	0	0	0	0	0	0	0
ENSMUSG00000065440.3	14260	25982	34921	34748	828	2273	990	1119
ENSMUSG00000105853.3	54	41	45	45	1	32	2	13
ENSMUSG00002076789.1	0	0	0	0	0	0	0	0
ENSMUSG00000065532.3	587	429	624	445	792	1598	304	588
ENSMUSG00002076816.1	0	0	0	0	0	0	0	0
ENSMUSG00000084751.3	0	0	0	0	0	0	0	0
ENSMUSG00002076251.1	0	0	0	0	0	0	0	0
ENSMUSG00000065597.3	0	0	0	0	0	0	0	0
ENSMUSG00000098631.3	0	0	0	0	0	0	0	0
ENSMUSG00002076761.1	0	0	0	0	0	0	0	0
ENSMUSG00000077001.4	0	0	0	0	0	0	0	0
ENSMUSG00002076343.1	0	0	0	0	0	0	0	0
ENSMUSG00002075152.1	0	0	0	0	0	0	0	0
ENSMUSG00000105982.3	5	4	10	12	2	4	0	2
ENSMUSG00000093156.3	27	16	11	2	5	8	1	12
ENSMUSG00000070127.4	0	1	0	3	0	0	2	3
ENSMUSG00002074981.1	0	0	0	0	0	0	0	0
ENSMUSG00002075244.1	4	0	1	0	0	0	0	0
ENSMUSG00002076017.1	3	0	0	0	0	0	0	0
ENSMUSG00000098907.3	3	7	5	2	0	2	4	3
ENSMUSG00002075336.1	0	0	0	0	0	0	0	0
ENSMUSG00002075428.1	0	0	0	0	0	0	0	0
ENSMUSG00000065427.3	0	0	0	0	0	0	0	0
ENSMUSG00002075373.1	0	2	0	0	0	0	0	0
ENSMUSG00000105210.3	0	0	0	0	0	0	0	0
ENSMUSG00000098499.3	0	0	2	0	0	0	3	0
ENSMUSG00000092752.3	0	0	0	0	0	0	0	0
ENSMUSG00000076123.3	25	22	17	13	1	24	2	5
ENSMUSG00000065519.3	55409	63444	67145	54811	2254	8926	2713	3033
ENSMUSG00000093498.3	0	0	0	0	0	0	0	0
ENSMUSG00000065493.3	776	654	688	675	122	436	68	162
ENSMUSG00002076777.1	0	0	0	0	0	0	0	0
ENSMUSG00000065520.4	1232	1408	1530	1118	3866	7029	1531	2575
ENSMUSG00000099300.3	0	2	0	0	0	0	0	0
ENSMUSG00002075047.1	0	0	0	0	0	0	0	0
ENSMUSG00000098592.3	0	0	0	3	0	2	0	2
ENSMUSG00000065585.3	0	0	3	0	0	0	0	0
ENSMUSG00000119247.1	2	12	12	2	0	5	0	1
ENSMUSG00002076869.1	0	0	0	0	0	0	0	0
ENSMUSG00000065612.3	27098	32083	33909	23574	41106	71284	10784	18820
ENSMUSG00002076331.1	0	0	0	0	0	0	0	0
ENSMUSG00002075650.1	0	0	0	0	0	0	0	0
ENSMUSG00000106233.3	0	0	0	0	0	0	0	0
ENSMUSG00002076488.1	0	0	0	0	0	0	0	0
ENSMUSG00002075297.1	0	0	0	0	0	0	0	0
ENSMUSG00002076515.1	0	0	0	0	0	0	0	0
ENSMUSG00000099011.3	0	0	0	0	0	0	0	0
ENSMUSG00000099076.3	203	168	208	142	10	16	5	18
ENSMUSG00002075389.1	0	0	0	0	0	0	0	0
ENSMUSG00002076607.1	0	0	0	0	0	0	0	0
ENSMUSG00002075899.1	0	0	0	0	0	0	0	0
ENSMUSG00000088983.3	0	0	0	0	0	0	0	0
ENSMUSG00002075926.1	0	0	0	0	0	0	0	0
ENSMUSG00000106362.4	0	0	0	0	0	0	0	0
ENSMUSG00000098422.3	1	2	7	2	0	1	2	0
ENSMUSG00000065415.3	0	0	4	0	0	1	0	0
ENSMUSG00002075361.1	0	0	0	0	0	0	0	0
ENSMUSG00000119051.1	0	0	0	0	0	0	0	0
ENSMUSG00000098487.3	1	0	0	6	0	0	0	0
ENSMUSG00000119708.1	0	0	0	0	0	0	0	0
ENSMUSG00000065507.5	62	50	41	10	44	111	8	31
ENSMUSG00000104582.3	0	0	0	0	0	0	0	0
ENSMUSG00000080406.3	10	17	9	9	17	26	12	6
ENSMUSG00000098579.3	5	4	7	15	5	0	0	0
ENSMUSG00000098606.3	0	0	0	0	0	0	0	0
ENSMUSG00000092832.3	0	0	0	2	1	6	4	0
ENSMUSG00002074919.1	0	0	0	0	0	0	0	0
ENSMUSG00000077998.3	4	2	7	6	2	7	0	1
ENSMUSG00002075545.1	0	0	1	0	0	0	0	0
ENSMUSG00002075127.1	0	0	0	0	0	0	0	0
ENSMUSG00000098672.3	26	40	44	34	9	26	3	6
ENSMUSG00002076949.1	0	0	0	0	0	0	0	0
ENSMUSG00000077042.4	325	290	386	286	10	53	23	22
ENSMUSG00000070076.4	0	0	0	0	0	0	0	0
ENSMUSG00000070103.4	0	0	4	0	0	0	0	0
ENSMUSG00000098764.3	2	8	5	0	0	0	0	1
ENSMUSG00002076411.1	0	0	0	0	0	0	0	0
ENSMUSG00000076361.3	66619	84411	110202	78034	4465	15317	6949	11884
ENSMUSG00000104858.3	0	0	0	0	0	0	0	0
ENSMUSG00002076476.1	0	0	0	0	0	0	0	0
ENSMUSG00000098856.3	0	0	0	0	0	0	0	0
ENSMUSG00000076453.3	0	0	0	0	0	0	0	0
ENSMUSG00000098291.3	0	0	0	0	0	0	0	0
ENSMUSG00000070140.3	27553	23530	27162	20649	10388	18359	3887	5335
ENSMUSG00000105697.3	2	0	1	2	0	1	0	0
ENSMUSG00002075914.1	0	0	0	0	0	0	0	0
ENSMUSG00000098410.3	0	0	0	0	0	0	0	0
ENSMUSG00000093408.3	0	0	0	0	0	0	0	0
ENSMUSG00000065403.3	0	0	0	0	0	0	0	0
ENSMUSG00002075979.1	0	0	0	0	0	0	0	0
ENSMUSG00000098475.3	0	0	0	0	0	0	1	0
ENSMUSG00000092727.3	58	34	38	57	33	70	34	50
ENSMUSG00002076122.1	0	0	0	0	0	0	0	0
ENSMUSG00000065468.3	14687	21403	27375	22958	1398	5023	1423	2304
ENSMUSG00000076219.3	22	26	15	17	0	9	0	0
ENSMUSG00002076187.1	0	0	0	0	0	0	0	0
ENSMUSG00000077921.3	1563	1858	2323	1492	238	961	234	470
ENSMUSG00000105908.3	0	0	1	0	0	0	0	0
ENSMUSG00000119641.1	0	0	0	0	0	0	0	0
ENSMUSG00002076214.1	0	0	0	0	0	0	0	0
ENSMUSG00000092793.3	4	9	14	7	4	21	0	7
ENSMUSG00002075023.1	0	0	0	0	0	0	0	0
ENSMUSG00002075533.1	0	0	0	0	0	0	0	0
ENSMUSG00000080459.3	0	0	0	0	0	0	0	0
ENSMUSG00000119223.1	0	2	0	0	0	0	0	0
ENSMUSG00002076306.1	0	0	0	0	0	0	0	0
ENSMUSG00000092885.4	0	0	0	0	0	0	0	0
ENSMUSG00000076256.3	0	0	0	0	0	0	0	0
ENSMUSG00002075115.1	0	0	0	0	0	0	0	0
ENSMUSG00002076790.1	0	0	0	0	0	0	0	0
ENSMUSG00002075625.1	0	0	0	0	0	0	0	0
ENSMUSG00000093120.3	177	202	242	137	303	513	83	89
ENSMUSG00002075207.1	0	0	0	0	0	0	0	0
ENSMUSG00002075717.1	0	0	0	0	0	0	0	0
ENSMUSG00002075691.1	0	0	0	0	0	0	0	0
ENSMUSG00000098844.3	0	0	0	0	0	0	0	0
ENSMUSG00002075902.1	0	0	0	0	0	0	0	0
ENSMUSG00000098881.3	3	0	6	1	0	0	0	0
ENSMUSG00002075967.1	0	0	2	0	0	0	0	0
ENSMUSG00002076110.1	0	0	0	0	0	0	0	0
ENSMUSG00002076593.1	0	0	0	0	0	0	0	0
ENSMUSG00000076060.3	13	9	13	5	8	4	1	0
ENSMUSG00000065456.3	1	0	0	0	0	0	0	0
ENSMUSG00000098973.3	7488	5919	7475	5017	380	1861	2985	4366
ENSMUSG00002076620.1	0	0	0	0	0	0	0	0
ENSMUSG00000078024.3	0	0	0	0	0	0	0	0
ENSMUSG00000099236.4	23	3	20	13	8	15	6	2
ENSMUSG00000098555.3	0	0	0	0	0	0	0	0
ENSMUSG00000092807.3	11	0	5	0	6	0	0	0
ENSMUSG00002074868.1	0	0	0	0	0	0	0	0
ENSMUSG00000099181.3	0	0	0	0	0	0	0	1
ENSMUSG00000065548.3	0	0	0	0	0	0	0	0
ENSMUSG00002075011.1	0	0	0	0	0	0	0	0
ENSMUSG00002076712.1	0	0	0	0	0	0	0	0
ENSMUSG00000105841.3	0	0	0	0	0	0	0	0
ENSMUSG00002076267.1	0	0	0	0	0	0	0	0
ENSMUSG00002075076.1	0	0	2	1	0	0	0	0
ENSMUSG00002075103.1	0	0	0	0	0	0	0	0
ENSMUSG00000106169.3	25	16	20	11	4	1	5	0
ENSMUSG00000093081.3	2	1	4	2	0	0	0	0
ENSMUSG00002075168.1	0	0	0	0	0	0	0	0
ENSMUSG00002074932.1	0	0	0	0	0	0	0	0
ENSMUSG00002075140.1	0	0	0	0	0	0	0	0
ENSMUSG00002076962.1	0	0	0	0	0	0	0	0
ENSMUSG00000093710.3	0	0	0	0	0	0	0	0
ENSMUSG00000104926.3	11	12	2	6	2	1	0	1
ENSMUSG00002075232.1	0	0	0	0	0	0	0	0
ENSMUSG00002076544.1	0	0	0	0	0	0	0	0
ENSMUSG00002076005.1	0	0	0	0	0	0	0	0
ENSMUSG00000098989.3	0	0	0	0	0	0	0	0
ENSMUSG00000119524.1	0	0	0	0	0	0	0	0
ENSMUSG00002076071.1	0	0	0	0	0	0	0	0
ENSMUSG00000098451.3	19	33	28	19	9	27	10	9
ENSMUSG00002076581.1	0	0	0	0	0	0	0	0
ENSMUSG00000099197.3	6	11	10	0	0	1	0	1
ENSMUSG00000065444.3	55131	33640	49119	27898	4253	11124	3217	5857
ENSMUSG00000077869.3	2	0	3	5	0	0	0	0
ENSMUSG00000098961.3	0	0	0	0	0	0	0	0
