ensembl_gene_id_version	gene_biotype	mirbase_id	external_gene_name	baseMean	log2FoldChange	lfcSE	stat	pvalue	padj	Dif_D6_1_S4	Dif_D6_2_S3	Dif_D6_3_S2	Dif_D6_4_S1	Undif_D2_1_S8	Undif_D2_2_S7	Undif_D2_3_S6	Undif_D2_4_S5
ENSMUSG00000064441.3	snoRNA		Snord37	1954.6373719458543	-2.800707557147385	0.63843656312564	-4.386821994397938	1.1501884380867618e-5	9.562995299521363e-5	1419.0345380793	4204.076684083835	3872.839254478031	4178.236147148488	140.96430224525	178.57127823558363	682.1215178692511	961.2552534270945
ENSMUSG00000064487.3	snoRNA		Gm23736	3.457383618359158	-4.142870514142523	1.2838205466804322	-3.2269856755718083	0.001251017228165204	0.005768807083784815	6.554432046555659	3.489946401646849	9.180825086473618	8.43386541219714	0	0	0	0
ENSMUSG00000064542.3	snoRNA		Gm22980	7832.4611319089145	-1.9589857585664943	0.6070768281647992	-3.226915717551817	0.0012513231268271446	0.005768807083784815	5388.211315986363	16417.14411664698	13619.937632285342	14413.97209917504	1268.6787202072499	1049.650684262821	4677.917567282285	5824.176919425236
ENSMUSG00000064612.4	snoRNA		Gm26457	10.83906185825203	-5.79040821077787	1.160042135823108	-4.991549903201823	5.989670273476108e-7	6.9719761983261904e-6	11.236169222666843	24.42962481152794	22.768446214454574	28.27825461736688	0	0	0	0
ENSMUSG00000064647.3	snoRNA		Gm23301	12619.785521977277	-2.5548018359260354	0.679042841241891	-3.762357366515488	1.6831930445843584e-4	0.0010884648354978852	8553.065647037523	27998.53125051205	24173.846918691954	25550.147211386167	809.0125172336086	1361.0615719175582	4688.687907038116	7823.931152001244
ENSMUSG00000064682.3	snRNA		Gm25813	36.51372608217481	-3.37588765572556	0.555254289148645	-6.0798947828061065	1.2026143617163276e-9	2.187254870371571e-8	69.75788392405666	57.147872326967146	64.63300860877428	74.41645951938652	3.0644413531576085	2.177698515068093	7.180226503886853	13.73221790610135
ENSMUSG00000064765.4	misc_RNA		Gm26456	13.290652784823479	-1.5622241419343648	0.6046056079581034	-2.583873059349162	0.009769774508242627	0.03147237323134987	14.981558963555793	24.865868111733796	15.056553141816734	24.805486506462174	3.0644413531576085	4.355397030136186	7.180226503886853	12.015690667838681
ENSMUSG00000064778.4	snoRNA		Snord59a	6817.665777408389	-2.1923723871959995	0.6632205274317979	-3.3056461561670396	9.475766958499691e-4	0.00452040686053018	5094.666395044192	15038.179044696271	12067.643726664382	12549.591733349343	726.2726006983532	680.5307859587791	3277.7733990243487	5106.66853383144
ENSMUSG00000064795.3	snRNA		Gm22423	80.58491604829476	0.6911615686015055	0.25380591847671363	2.723189328088575	0.006465499362180177	0.022668196558969053	58.52171470138981	58.89284552779057	73.07936768833	54.57207031421678	113.38433006683151	94.72988540546204	100.52317105441595	90.97594362792145
ENSMUSG00000064844.3	snoRNA		Gm26202	11974.409483760302	-1.9774259859757204	0.6129735712508293	-3.225956352311568	0.001255525023962331	0.005768807083784815	6653.216700971605	27098.56132218737	21198.157891664127	21444.839194566677	2123.6578577382224	1731.270319479134	6372.451022199582	9173.121561275702
ENSMUSG00000064871.3	snoRNA		Snord58b	686.525833283527	-3.309247959165418	0.7045862831429638	-4.6967249268659925	2.6436608930290716e-6	2.481630064101483e-5	537.9316015351752	1395.5423173585336	1490.2315280363978	1566.2184180180218	21.45108947210326	45.73166881642995	136.4243035738502	298.67573945770437
ENSMUSG00000064883.3	misc_RNA		Gm24203	217.78466743263388	-1.2053943300009446	0.4205139025680285	-2.866479140498672	0.004150655117892084	0.015962651620792023	265.45449788550417	326.30998855398036	290.11407273256634	330.40908026607616	82.73991653525543	60.975558421906605	197.45622885688846	188.81799620889356
ENSMUSG00000064884.3	snRNA		Gm24204	7.3294100360167285	-2.212096471319933	0.7942679110965912	-2.7850759679638113	0.005351518352123414	0.019712554942631817	9.831648069833488	12.651055705969826	12.853155121063065	14.883291903877305	0	3.2665477726021397	0	5.149581714788006
ENSMUSG00000064899.3	snoRNA		Snord118	11276.059953636974	-1.7881683426706891	0.3847612636296063	-4.64747497136844	3.3602284913420837e-6	3.087873129412252e-5	10738.032387128615	19989.976745332944	18612.837547313153	20609.390409029034	3324.918868176005	3320.990235478842	7618.220320623952	5994.113116013239
ENSMUSG00000064918.5	snoRNA		Gm22571	376.6433776333223	-2.005378693394024	0.527630397563316	-3.800726233088906	1.4427262942689632e-4	9.541667082551552e-4	268.26354019117093	778.6942908674531	593.4485335896546	769.4661914304567	76.61103382894021	69.68635248217898	244.12770113215302	212.84937754457093
ENSMUSG00000064925.3	snoRNA		Snora62	180.55501761845568	-2.194751444789053	0.7589082888300255	-2.8919850752619944	0.0038281613177083194	0.014919575135532869	104.40273902727942	359.9007226698313	354.37984833788164	369.10563921615716	24.515530825260868	21.776985150680932	21.54067951166056	188.81799620889356
ENSMUSG00000064952.3	snoRNA		Gm24920	46.029769193336605	-2.893823473062346	0.8131546890227276	-3.5587613428635887	3.726079139907818e-4	0.00216857805942635	26.217728186222637	112.11452815290501	106.86480400655292	78.88144709054971	0	2.177698515068093	17.950566259717135	24.031381335677363
ENSMUSG00000065110.6	snoRNA		Snord61	936.4840291916914	-4.108584441387515	0.44184643060799406	-9.298670661962753	1.4221252723063285e-20	1.2415153627234247e-18	918.0886602354034	2072.1556759778164	1991.5045777578573	2096.0636097960537	91.93324059472825	46.820518073964	132.8341903219068	142.4717607758015
ENSMUSG00000065118.3	snoRNA		Gm23297	17.561101246107558	-2.322763814232951	0.8417131183218804	-2.759567082504113	0.005787800299834287	0.02087913083369972	10.299821787444607	44.06057332079146	31.2148052940103	32.24713245840083	6.128882706315217	1.0888492575340465	0	15.448745144364018
ENSMUSG00000065147.3	snoRNA		Snora31	80.48035113228799	-2.8270142358902914	0.5778027422392703	-4.892697852097791	9.946304396258798e-7	1.058917529016333e-5	73.50327366494561	178.859753084401	144.32257035936527	161.73177202213338	21.45108947210326	5.444246287670233	43.08135902332112	15.448745144364018
ENSMUSG00000065176.3	snRNA		Rnu12	448.0622585824957	-1.859217139142786	0.36552383028700447	-5.086445766567267	3.648359831134101e-7	4.304078557540635e-6	470.9827599167852	780.4392640682765	739.2400359628557	816.1005060626055	125.64209547946194	131.75076016161964	280.02883365158726	240.31381335677364
ENSMUSG00000065219.3	snoRNA		Snord32a	8385.18237388087	-1.8966324179690344	0.7056583248248586	-2.6877489448449015	0.007193545867214429	0.024188028871058493	5992.623585422317	17888.592768241335	13366.914092902129	15630.929267182075	726.2726006983532	965.8092914326993	5381.579764663196	7128.737620504863
ENSMUSG00000065258.3	snoRNA		Gm23969	6128.20056837706	-1.578210957364281	0.6242566551248494	-2.52814438485825	0.011466718463556819	0.036138791403195314	4130.228536765288	11947.39526273778	9755.177503883408	10893.081344447799	854.9791375309727	1243.4658521038812	4275.824883064622	5925.452026482732
ENSMUSG00000065273.3	snoRNA		Gm25128	284.87872261967016	-2.1632093653590743	0.6963023762762661	-3.1067097270694872	0.0018918206052559816	0.008176036576180554	158.24271655255805	635.6064883999323	517.4313018736531	552.170129633848	18.38664811894565	44.64281955889591	132.8341903219068	219.7154864976216
ENSMUSG00000065304.3	snoRNA		Gm23245	26.9788542173376	-2.592536341194125	0.5740156695039916	-4.516490540117732	6.287292456344598e-6	5.544248802412964e-5	32.303986515167175	60.20157542840814	38.92669836664814	52.58763139369981	0	8.710794060272372	17.950566259717135	5.149581714788006
ENSMUSG00000065333.3	snRNA		Gm24928	5.820407466399372	-2.7022101065160915	1.0486417272369377	-2.5768668519763516	0.009970034697786585	0.03199941283517532	5.618084611333422	7.416136103499554	12.118689114145175	14.38718217374806	0	0	3.5901132519434267	3.4330544765253377
ENSMUSG00000065396.3	miRNA	mmu-mir-99b	Mir99b	23073.17463573162	-0.628305832666892	0.20500389703504437	-3.0648482382726914	0.0021778047449101507	0.009229240496633793	33907.013324267646	26862.117453475796	25152.15563990658	26158.377740524622	14954.47380340913	19039.618117240338	19767.163565200506	18744.47744182834
ENSMUSG00000065398.3	miRNA	mmu-mir-188	Mir188	72.89987517573624	2.731754678225112	0.562001553787561	4.860760010029664	1.1693594553866534e-6	1.2152985768482718e-5	39.32659227933395	10.906082505146403	16.52548515565251	9.92219460258487	144.0287435984076	205.7925096739348	89.75283129858568	66.94456229224409
ENSMUSG00000065411.4	miRNA	mmu-mir-195a	Mir195a	600.5182139171748	2.148087896301731	0.35264537123761236	6.091354293870342	1.1195945992569828e-9	2.0795874152156296e-8	208.33730433694774	229.4639759082803	216.30023903731845	230.69102451009823	1452.5452013967065	1219.511168438132	574.4181203109483	672.8786773989661
ENSMUSG00000065417.3	miRNA	mmu-mir-340	Mir340	1480.6048383431262	-1.4288066578528131	0.26775947368596026	-5.336157254060704	9.493707303565923e-8	1.218824481766625e-6	2592.277874412763	1804.3022896514208	1999.9509368374129	2244.8965288348268	707.8859525794076	1089.9381067915806	779.0545756717236	626.5324419658741
ENSMUSG00000065418.3	miRNA	mmu-mir-322	Mir322	7570.671035162146	-2.8424072431964134	0.4951359605080854	-5.740660081080897	9.430822336310769e-9	1.5534165848300568e-7	15606.570876566635	10200.240845413327	12576.995902461938	14765.217788106545	882.5591097093912	834.0585312710797	3590.113251943427	2109.61197582482
ENSMUSG00000065422.3	miRNA	mmu-mir-221	Mir221	464.9612627669398	2.0936745721133736	0.4329725426065043	4.835582782015243	1.3275611091593922e-6	1.3476288933676155e-5	273.4134510848932	132.1817199623744	134.7745122694327	165.7006498631673	1198.1965690846248	886.3232956327139	520.5664215317969	408.53348270651514
ENSMUSG00000065428.6	miRNA	mmu-mir-382	Mir382	1122.3821413999317	2.3825618270168745	0.48658668298715285	4.8964797235928055	9.7568710420544e-7	1.058917529016333e-5	385.77514331156164	332.8536380570682	340.42499420644174	385.97337004055146	2960.2503471502496	2779.8321544844207	1181.1472598893874	612.8002240597727
ENSMUSG00000065429.3	miRNA	mmu-mir-345	Mir345	1250.3965641822947	-1.0846847937727537	0.31396262178181034	-3.45482142943296	5.506574016198219e-4	0.002931243363500637	2667.6538429481534	1221.481240576397	1384.1011900367625	1525.5374201474237	781.4325450551902	896.1229389505203	804.1853684353276	722.6579673085836
ENSMUSG00000065431.3	miRNA	mmu-mir-186	Mir186	1727.9848960426998	1.440879681475817	0.35898330147182295	4.013779124455775	5.9754265423045566e-5	4.3175948646141486e-4	1457.892956641023	677.0496019194886	774.4944042949144	812.6277379517009	3177.82568322444	3138.063560213122	1827.3676452392042	1958.557578857705
ENSMUSG00000065433.3	miRNA	mmu-mir-370	Mir370	41.7534697764792	1.7922047256122327	0.5835405716488027	3.071259844963875	0.002131575600585764	0.009077392679567668	24.345033315778164	20.939678409881093	16.52548515565251	13.394962713489575	94.99768194788587	108.88492575340466	39.49124577137769	15.448745144364018
ENSMUSG00000065435.3	miRNA	mmu-mir-135b	Mir135b	59.13825827482119	-5.59513892686246	0.7082540398818313	-7.899904005907232	2.791183063389173e-15	1.0152928393078117e-13	106.2754338977239	111.67828485269916	122.28859015182859	123.03521307205239	0	1.0888492575340465	3.5901132519434267	5.149581714788006
ENSMUSG00000065436.3	miRNA	mmu-mir-342	Mir342	693.3222613210005	1.2726478363881069	0.28306395348720176	4.495972802999967	6.92525885611708e-6	5.985892060782386e-5	393.7340965109507	425.3372177007097	459.4084873271398	343.80404297956574	1391.2563743335543	979.9643317806418	854.4469539625355	698.6265859729062
ENSMUSG00000065440.3	miRNA	mmu-let-7g	Mirlet7g	7320.114144654146	-2.1973265671664093	0.35834472378201354	-6.131879225053348	8.684702616335036e-10	1.6848323075689968e-8	6676.15721313455	11334.473425948552	12824.143713789808	17238.82090253095	2537.3574404144997	2474.9543623748878	3554.2121194239926	1920.7939796159264
ENSMUSG00000065441.4	miRNA	mmu-mir-128-2	Mir128-2	334.9894820105784	3.462535113985265	0.3691782865729244	9.379032407696341	6.658091249369119e-21	6.458348511888046e-19	49.15824034916744	57.584115627173006	49.20922246349859	66.97481356744787	959.1701435383314	697.9523740793238	430.8135902332112	369.0533562264738
ENSMUSG00000065445.5	miRNA	mmu-mir-143	Mir143	6194.643053358989	0.8942916314138104	0.3694026112065712	2.42091312915414	0.015481576478382362	0.046501039441505645	6573.158995260103	3607.295849402224	3513.685377095183	3642.933748339035	6416.940193512032	12145.024618534755	8350.60342402041	5307.502220708172
ENSMUSG00000065462.5	miRNA	mmu-mir-200c	Mir200c	1288.0916402883252	2.60345517535872	0.2923993577502703	8.903765026673739	5.398366485315268e-19	3.6252107243694075e-17	315.5490856698939	358.59199276921373	393.67377970798873	387.4616992309392	1679.3138615303694	1548.343644213414	2829.00924253142	2792.7898166533623
ENSMUSG00000065468.3	miRNA	mmu-mir-26b	Mir26b	7059.082768204595	-1.0007507704304157	0.24785640226028344	-4.0376232419426845	5.399547966055339e-5	3.9947503172595855e-4	6876.067390554497	9336.915354305938	10053.003469688612	11389.687184307171	4284.089011714336	5469.289820593516	5108.731157515496	3954.8787569571887
ENSMUSG00000065470.3	miRNA	mmu-mir-149	Mir149	2310.096671010171	-1.0382622262417498	0.283137164863489	-3.6669937934228267	2.454187495470606e-4	0.001487851169129055	4351.674705195346	2500.982840080173	2709.812332523553	2868.5064596072857	1795.7626329503585	1709.493334328453	1191.9175996452177	1352.623463750983
ENSMUSG00000065471.3	miRNA	mmu-mir-222	Mir222	394.5426120756038	2.3688190965255096	0.39400367010335635	6.01217520614494	1.8305032522581537e-9	3.261284365757894e-8	201.31469857278097	90.73860644281807	118.2490271137802	101.70249467649492	922.3968473004402	792.6822594847858	524.1565347837403	405.10042822998986
ENSMUSG00000065476.4	miRNA	mmu-mir-30b	Mir30b	133.63215901480848	-1.0075116656787773	0.3153071719700744	-3.1953338053927918	0.0013966919739211486	0.006285113882645169	220.0416472772257	157.9200746745199	192.43009381248703	142.87960227722212	119.51321277314673	99.08528243559823	75.39237829081196	61.79498057745607
ENSMUSG00000065481.3	miRNA	mmu-mir-346	Mir346	440.35859864600803	3.2591741923384716	0.40922810724778885	7.9641992683680245	1.6629708889759338e-15	6.598970845799955e-14	104.40273902727942	58.45660222758472	73.07936768833	97.23750710533173	1296.2586923856684	893.9452404354522	560.0576673031745	439.4309729952432
ENSMUSG00000065483.4	miRNA	mmu-mir-181c	Mir181c	80.4771624217811	4.625263113629347	0.546354420452922	8.4656826054322991	2.5465678685311168e-17	1.3077374995456852e-15	7.958953199389015	1.7449732008234244	3.3050970311305026	12.402743253231087	171.60871577682607	197.08171561366242	136.4243035738502	113.29079772533613
ENSMUSG00000065484.3	miRNA	mmu-mir-130a	Mir130a	2764.6216840823968	2.609370624920231	0.3477368809031909	7.503865043428262	6.196309942220272e-14	2.003473547984555e-12	875.9530256504028	718.0564721388391	745.1157640181989	775.4195081920076	5990.982845423125	6791.152819239848	3561.3923459278794	2658.900692068874
ENSMUSG00000065486.3	miRNA	mmu-mir-450a-1	Mir450-1	62.61774182196045	-4.695197467011707	0.5872669155695934	-7.994997406686547	1.295765945116087e-15	5.3866841432683046e-14	110.48899735622396	109.93331165187574	131.83664824176117	125.01965199256937	3.0644413531576085	1.0888492575340465	14.360453007773707	5.149581714788006
ENSMUSG00000065491.3	miRNA	mmu-mir-7b	Mir7b	586.5661391072953	1.1987204052073595	0.4483317705568812	2.673735130834932	0.007501167071090651	0.025090110548130796	273.4134510848932	410.9411887939164	368.33470246932154	371.58618786680336	1302.3875750919835	1122.603584517602	481.0751757604192	362.1872472734231
ENSMUSG00000065492.3	miRNA	mmu-mir-34b	Mir34b	59.258623855341995	1.5317835190149032	0.4298511190922222	3.563521068061399	3.659133118854684e-4	0.002143908196483315	45.4128506082785	20.939678409881093	19.096116179865124	37.7043394898225	101.12656465420108	115.41802129860893	50.26158552720798	84.10983467487077
ENSMUSG00000065495.3	miRNA	mmu-mir-150	Mir150	27.218269831783545	2.566633152963747	0.3894342006558947	6.590672181952587	4.378396887441592e-11	1.0058790744043447e-9	10.299821787444607	7.8523794037054095	7.344660069178894	5.953316761550922	61.28882706315217	47.909367331498046	35.90113251943427	41.19665371830405
ENSMUSG00000065498.6	miRNA	mmu-mir-379	Mir379	307.13172384417436	1.2437065601739983	0.44990057943008094	2.764403108236678	0.005702704063698836	0.020657513060618606	248.1320703338928	136.9803962646388	170.39611360495036	174.6306250054937	606.7593879252065	645.6876097176896	290.7991734074176	183.66841449410555
ENSMUSG00000065500.5	miRNA	mmu-mir-10b	Mir10b	1080.4135648759438	1.0812151567601103	0.3098104503113104	3.4899247448679036	4.83156584467989e-4	0.002703818578465092	848.7989500289578	642.1501379030202	602.9965916795873	680.1664400071928	1412.7074638056574	1927.2631858352624	1665.81254890175	863.4132008461224
ENSMUSG00000065501.3	miRNA	mmu-mir-335	Mir335	13239.50315838377	2.5088272439328363	0.5487126161987382	4.5722062330423325	4.826155766572972e-6	4.388785400227297e-5	4488.849604455404	3343.804896077887	3764.8727514611014	4231.319888272317	33718.04820879317	39852.97167500364	7919.789833787199	8596.368409219445
ENSMUSG00000065503.3	miRNA	mmu-mir-351	Mir351	4841.899463473691	-2.7366026693372087	0.5728051236080887	-4.777545724625157	1.7744770783540337e-6	1.7405825723630015e-5	10056.371454286826	7419.189806600994	7833.814429786209	8368.875037550208	392.2484932041739	474.7382762848443	2469.9979173370775	1719.960292739194
ENSMUSG00000065505.3	miRNA	mmu-mir-148a	Mir148a	168529.95057211697	2.77608427124546	0.4963549294422227	5.592941878032875	2.232540435964161e-8	3.3603582768908834e-7	56575.516557280396	41006.87021935047	39421.7284553108	34748.021607982344	605398.7759644045	278788.96389901725	159440.51963205953	132859.20824153058
ENSMUSG00000065507.5	miRNA	mmu-mir-204	Mir204	51.060940434024424	2.2596018243985205	0.6280557878641282	3.597772471905563	3.209541950687697e-4	0.001906074913571673	29.026770491889348	21.812165010292805	15.056553141816734	4.961097301292435	134.83541953893476	120.86226758627916	28.720906015547413	53.21234438614273
ENSMUSG00000065509.5	miRNA	mmu-mir-421	Mir421	6178.240708175885	1.646300671765832	0.23925185542147612	6.8810361736407	5.941875913608232e-12	1.482073620737139e-10	2579.637184037263	2912.3602721742955	3069.7006759133187	3405.7932973372567	9527.348166967005	11799.859403896462	9165.559132211569	6965.66753286991
ENSMUSG00000065510.3	miRNA	mmu-mir-361	Mir361	3700.074340417634	1.1179123306413614	0.2906783689231951	3.845873825364499	1.201235691461177e-4	8.129292702679128e-4	2716.3439095797094	1860.1414320777703	2136.1943811206816	2623.924362653569	6720.319887474635	5704.481260220869	4311.726015584056	3527.4634746297843
ENSMUSG00000065515.3	miRNA	mmu-mir-152	Mir152	11913.193632463488	-0.9951768142689048	0.2619722503068979	-3.7987871352903406	1.45405906403056e-4	9.544312502997585e-4	19880.060570920927	11691.320445516943	13709.909718132783	18182.421609236775	8258.669446759755	8257.83276913821	8950.152337094964	6375.182162907552
ENSMUSG00000065518.4	miRNA	mmu-mir-423	Mir423	58001.24486082415	1.8454259055053592	0.2465932380410632	7.483684143837128	7.226752338153961e-14	2.2531981397172886e-12	29971.076880310975	25533.320361048758	23042.034802031485	22468.31356782331	76050.24106131236	122237.48419854467	83649.63877028185	81057.84924523975
ENSMUSG00000065519.3	miRNA	mmu-mir-10a	Mir10a	17130.088942709866	-1.740144904810744	0.27062114986603586	-6.430188127100038	1.2744611233134264e-10	2.7136696601283444e-9	25941.037519114467	27677.019938260335	24657.86001725084	27192.270418113963	6907.250810017249	9719.068472748899	9739.977252522516	5206.227113650674
ENSMUSG00000065520.4	miRNA	mmu-mir-128-1	Mir128-1	3965.5888112661637	3.6720912574042175	0.3463188505859609	10.603209300305632	2.879266721262146e-26	3.590856925231219e-24	576.790020096898	614.2305666898453	561.8664952921854	554.6506782844942	11847.130271307315	7653.521431206813	5496.463388725387	4420.057638526372
ENSMUSG00000065528.3	miRNA	mmu-mir-320	Mir320	28340.08589648417	0.7469684939849652	0.21293218791095128	3.5080111716005526	4.514700907685188e-4	0.002542796059618819	23492.488976008317	18198.32551138749	20473.974408843085	22485.677408377833	42322.99952845973	36418.74111674126	34974.88330043286	28353.596921622764
ENSMUSG00000065530.3	miRNA	mmu-mir-99a	Mir99a	6682.360006514219	3.633450967785095	0.5621373971895288	6.463635022240034	1.0221724376058204e-10	2.2880936872561056e-9	1843.6680999525847	781.7479939688941	659.5504742122647	701.4991584027503	22551.22391788684	14748.46319329866	7944.920626550804	4227.806587840953
ENSMUSG00000065532.3	miRNA	mmu-mir-187	Mir187	897.4524602526772	2.7808716537471634	0.3515381072975713	7.910583791683218	2.5618467627459426e-15	9.723879234248731e-14	274.81797223772656	187.14837578831225	229.1533941583815	220.76882990751335	2427.037551700826	1739.9811135394064	1091.3944285908017	1009.3180160984492
ENSMUSG00000065537.4	miRNA	mmu-mir-132	Mir132	1320.9847338478648	1.0561841991473204	0.3280214520975017	3.2198631900250785	0.001282517872364342	0.005837720408125843	835.6900859358466	835.4059198942144	893.8451304190714	867.6959179960469	2338.1687524592553	2406.356859150243	1324.7517899671245	1065.9634149611172
ENSMUSG00000065542.3	miRNA	mmu-mir-224	Mir224	1832.632731711452	1.699326809866249	0.2380392475725932	7.1388513751204705	9.411402556421027e-13	2.738718143918519e-11	711.155877051289	950.1379078483545	830.313820820674	961.4606569904739	2218.6555396861086	3466.896035988404	2990.5643388688745	2531.8776764374365
ENSMUSG00000065544.2	miRNA	mmu-mir-32	Mir32	990.8073224189499	2.5542041086913687	0.43049157155148	5.93322675165529	2.9703816506332795e-9	5.186286362005706e-8	492.51875092689664	214.6317037012812	252.28907337629502	193.9789044805342	2304.4598975745216	2208.1862942790463	1249.3594116763124	1011.0345433367119
ENSMUSG00000065546.3	miRNA	mmu-mir-196a-1	Mir196a-1	19.36987112879318	2.09091272779967	0.7662886518600928	2.7286228534432535	0.006359939522930794	0.02257002928259587	3.2772160232778296	12.651055705969826	8.813592083014672	4.961097301292435	55.15994435683695	39.198573271225676	0	30.897490288728036
ENSMUSG00000065549.5	miRNA	mmu-mir-200b	Mir200b	9660.582977456834	-1.217870683070667	0.17665674847988647	-6.893994673570761	5.424705604714511e-12	1.3928729390928728e-10	12018.955678512635	12846.056461161845	14303.725484725897	14883.291903877305	5316.805747728451	6525.473600401541	5912.916525950824	5477.438417296176
ENSMUSG00000065556.3	miRNA	mmu-mir-101b	Mir101b	4572.171904834263	1.3077114541769153	0.39400953204994604	3.3189843082556316	9.034550609946817e-4	0.0043575484433610884	4000.5444169870075	2063.4308099736995	2148.6803032382854	2313.3596715926624	7673.361148306652	9786.57712671601	4046.0576349402418	4545.364126919547
ENSMUSG00000065557.5	miRNA	mmu-let-7c-1	Mirlet7c-1	20.173958326728528	1.9689508211045754	0.44369447201381323	4.437627568736708	9.095581724254925e-6	7.709167810946163e-5	9.36347435222237	9.597352604528833	7.711893072637839	5.457207031421678	42.90217894420652	31.57662846848735	35.90113251943427	18.881799620889357
ENSMUSG00000065560.3	miRNA	mmu-mir-148b	Mir148b	2517.0357711739657	1.0901189833249327	0.32431149296443157	3.361333184218945	7.756719524865803e-4	0.0038257718334507606	2348.3593675373704	1311.3473604188034	1401.7283742027919	1376.2083913785214	3714.1029200270214	4612.365454914221	2459.2275775812473	2912.946723331749
ENSMUSG00000065572.3	miRNA	mmu-mir-130b	Mir130b	997.3190935055526	4.330277954691212	0.4264581560349447	10.154051208570113	3.1788703835469592e-24	3.468942306045619e-22	120.32064542605745	89.86611984240635	95.11334789586668	72.43202059886956	3150.2457110460214	2190.7647061585017	1392.9639417540495	866.8462553226477
ENSMUSG00000065577.3	miRNA	mmu-mir-329	Mir329	29.064009029602698	1.993857239729029	0.4146659672115221	4.808345505508914	1.5218457478722773e-6	1.5270934918304576e-5	7.958953199389015	10.469839204940547	13.9548541314399	13.394962713489575	73.5465924757826	35.93202549862354	39.49124577137769	37.763599241778714
ENSMUSG00000065583.3	miRNA	mmu-mir-218-2	Mir218-2	66.34529238024675	2.7330786048672873	0.43007254595937305	6.354924606430163	2.085288714731085e-10	4.233621041767993e-9	17.790601269222503	20.503435109675237	8.813592083014672	22.324937855815957	162.41539171735326	129.57306164655154	104.11328430635938	65.22803505398142
ENSMUSG00000065587.3	miRNA	mmu-mir-34c	Mir34c	287.81319397119245	1.8840568904733166	0.4361000058296082	4.320240461563879	1.5585927019626837e-5	1.2598624340865027e-4	195.22844024383642	106.44336525022888	100.25460994429191	89.79586115339308	579.179415746788	682.7084844738472	265.6683806438136	283.22699431334036
ENSMUSG00000065594.3	miRNA	mmu-mir-107	Mir107	8.554713415536366	1.7194926820080083	0.6313674370291957	2.723442137115626	0.0064605531664357315	0.022668196558969053	4.213563458500067	3.0537031014409926	2.9378640276715577	4.961097301292435	21.45108947210326	5.444246287670233	14.360453007773707	12.015690667838681
ENSMUSG00000065596.3	miRNA	mmu-mir-184	Mir184	28.6883507759936	1.3398817656572892	0.38733419130528457	3.4592395810501446	5.417028290937934e-4	0.002931243363500637	12.6406903755002	12.651055705969826	19.46334918332407	18.85216974491125	36.7732962378913	30.487779210953303	57.44181203109483	41.19665371830405
ENSMUSG00000065601.3	miRNA	mmu-mir-146a	Mir146	1052.6029433460337	2.8208940535868647	0.34798159396305006	8.106446152684724	5.212180169940553e-16	2.275116644179051e-14	356.7483728196723	198.4907015936645	201.61091889896065	287.24753374483197	2488.326378763978	2126.522599963993	1608.3707368706553	1153.5063041125134
ENSMUSG00000065603.3	miRNA	mmu-mir-218-1	Mir218-1	26.352102110414698	3.3137234126099275	0.5963368705551281	5.55679780377355	2.74768738192676e-8	3.932346040036166e-7	6.554432046555659	6.107406202881985	2.203398020753668	4.464987571163191	91.93324059472825	52.264764361634235	21.54067951166056	25.74790857394003
ENSMUSG00000065611.3	miRNA	mmu-mir-23a	Mir23a	3131.814172655401	-1.3796538675473242	0.2571682753939074	-5.364790293180967	8.10433213200761e-8	1.071982113824643e-6	5925.6747438039265	3143.132977983193	4404.225410483124	4622.750465344291	1765.1182194187825	1625.6519414983316	1945.8413825533373	1622.118240158222
ENSMUSG00000065612.3	miRNA	mmu-mir-151	Mir151	40679.45507033771	2.433591218068503	0.44769691702647846	5.435800706942486	5.45509006517881e-8	7.44108379203297e-7	12686.571399826089	13995.99380050448	12452.503914289357	11695.290778066787	125966.92626289665	77617.53047405697	38715.781308957914	32305.042624103426
ENSMUSG00000065613.3	miRNA	mmu-mir-92a-2	Mir92-2	3550.1407801763244	1.240634851493881	0.28125301531809593	4.411098846676286	1.0284735140015455e-5	8.633244016570666e-5	2494.8977411496508	1666.0131634861643	1749.4980284784126	2536.609050150822	3465.8831704212553	5859.097854790704	5266.696140601007	5362.4310923325775
ENSMUSG00000065616.5	miRNA	mmu-mir-375	Mir375	3791.604118240522	5.563378786184879	0.22968473604880849	24.22180455649717	1.3110484447963448e-129	1.144545292307209e-126	142.79298387139116	171.8798602811073	152.03446343200312	161.73177202213338	6236.1381536757335	9740.84545789958	6756.593140157529	6970.817114584698
ENSMUSG00000065617.3	miRNA	mmu-mir-323	Mir323	74.00417980989738	0.9844917955830202	0.37128827441758155	2.6515563873578705	0.008012173331848444	0.026494800449635193	78.6531845586679	34.02697741605677	37.824999356271306	49.61097301292435	85.80435788841304	121.95111684381321	89.75283129858568	94.40899810444678
ENSMUSG00000065622.3	snRNA		Gm24763	957.2513873708825	0.7130617434703334	0.17766894707799083	4.013429218766759	5.9842952877240776e-5	4.3175948646141486e-4	679.7882379713441	740.7411237495436	801.3024135474174	676.1975621661588	1204.3254517909402	1157.4467607586914	1339.1122429748982	1059.0973060080667
ENSMUSG00000065637.3	snoRNA		Gm26397	50.596690019177835	-2.172821377626049	0.7664138533537715	-2.8350497164396753	0.0045818554710336575	0.017167209554559585	34.17668138561165	90.73860644281807	84.09635779209835	120.55466442140617	9.193324059472825	1.0888492575340465	32.31101926749084	32.61401752699071
ENSMUSG00000065642.3	snoRNA		Snora69	6.979233694685629	-3.024344104389943	0.9918401988757563	-3.0492251754042794	0.0022943244376754123	0.009583470019572415	7.958953199389015	11.342325805352258	15.423786145275677	13.891072443618818	6.128882706315217	1.0888492575340465	0	0
ENSMUSG00000065676.3	snoRNA		Snord42b	319.4965243766161	-1.6060597617821968	0.557340560672051	-2.8816488070518	0.003956003869502264	0.015349295013668784	243.4503331577816	574.0961830709066	526.6121269601267	579.4561647909564	55.15994435683695	75.13059876984921	215.4067951166056	286.6600487898657
ENSMUSG00000065715.3	snoRNA		Snord7	162.79349682224134	-2.4084795097948644	0.32463363479808466	-7.419069534470414	1.17945982238069e-13	3.5505807756494564e-12	307.12195875289376	209.3967840988109	264.04052948698126	313.54134944168186	30.644413531576085	48.9982165890321	75.39237829081196	53.21234438614273
ENSMUSG00000065725.3	snoRNA		Gm26165	30.937433865464147	-1.720453245012048	0.6824630173073133	-2.5209472182099613	0.0117039406503603	0.03675374168260626	18.25877498683362	59.76533212820228	51.77985348771121	61.02149680589695	6.128882706315217	5.444246287670233	10.77033975583028	34.33054476525338
ENSMUSG00000065738.3	snoRNA		Gm24494	6916.305654770613	-2.355070503064155	0.6169091714466775	-3.817531999956197	1.3479330851822233e-4	8.982790712702908e-4	5020.694947661635	14743.714817057318	12206.457801971863	14312.765714228675	729.3370420515108	863.457461224499	3040.8259243960824	4413.1915295733215
ENSMUSG00000065752.3	snoRNA		Gm23344	6027.269738667858	-2.304037250282394	0.7387891458597101	-3.118666893246306	0.0018167122199695591	0.00789049635837525	4642.410583831851	12671.995384379708	11102.555393574276	11681.399705623167	346.2818729068098	491.071015147855	2767.977317248382	4514.466636630819
ENSMUSG00000065799.3	snoRNA		Gm25517	2.637589116408331	-3.758651193604346	1.3665668285413932	-2.750433506143382	0.005951646937630235	0.021294212198980308	4.213563458500067	4.362433002058561	9.548058089932562	2.976658380775461	0	0	0	0
ENSMUSG00000065818.3	snoRNA		Snord35a	223.15452403831503	-2.123370462260226	0.732329899928525	-2.8994725771369785	0.003737910408258352	0.014633164961477764	138.11124669527996	465.0353580194426	385.9618866353509	462.8703782105842	6.128882706315217	43.553970301361865	125.65396381801993	157.92050592016554
ENSMUSG00000065822.3	snoRNA		Snord15a	2225.79453336585	-2.6397015977986924	0.5847780760982179	-4.514022850192036	6.360935896651682e-6	5.5530970377769185e-5	2142.3629317884784	4789.078949659888	3825.8334300352863	4587.526674505115	275.7997217841848	205.7925096739348	646.2203853498169	1333.7416641300936
ENSMUSG00000065878.3	snoRNA		Snord34	1766.153116907796	-3.152342884525409	0.6427231177861585	-4.9046670289121765	9.358595654422168e-7	1.0341840514317156e-5	1357.2356073546325	3837.632311910916	3736.5958101947626	3769.441729521992	91.93324059472825	140.46155422189202	459.5344962487586	736.390185214685
ENSMUSG00000065904.3	snoRNA		Gm26109	156.89278114120364	-3.8310345789825395	0.6648195899750778	-5.76251758635174	8.286840501614971e-9	1.3912330303672828e-7	102.06187043922384	344.6322071626263	351.4419843102101	376.05117543796655	9.193324059472825	7.621944802738326	14.360453007773707	49.7792899096174
ENSMUSG00000065907.3	snRNA		Gm26108	82.00435257833674	0.9151541451073184	0.24972087646039287	3.66470820573332	2.4762073194364647e-4	0.0014908475792193337	53.37180380766751	61.946548629231565	54.717717515382766	55.56428977447527	91.93324059472825	99.08528243559823	136.4243035738502	102.99163429576012
ENSMUSG00000065934.3	snRNA		Gm25630	18.264724909203508	-2.2089707583939258	0.7217974781498672	-3.0603747245779043	0.0022106021871497647	0.009322974441457703	25.749554468611517	22.684651610704517	27.17524225596191	46.634314632148886	6.128882706315217	14.155040347942604	3.5901132519434267	0
ENSMUSG00000070074.3	miRNA	mmu-mir-484	Mir484	7026.030224800392	-0.8261579810335484	0.3138903276133888	-2.6319956633104904	0.008488494638061509	0.027963984222746027	13111.204961699374	6140.996936997836	6793.0760979835595	9895.90078688802	4562.953174851679	6084.489651100252	4595.344962487587	5024.275226394831
ENSMUSG00000070081.4	miRNA	mmu-mir-505	Mir505	112.15328442725468	2.186955214686913	0.35870098821469343	6.096875354516597	1.0816179064179492e-9	2.052722678919282e-8	25.749554468611517	58.89284552779057	41.8645623943197	34.72768110904705	189.99536389577173	217.76985150680932	204.63645536077533	123.58996115491215
ENSMUSG00000070102.3	miRNA	mmu-mir-455	Mir455	798.8778541652167	-3.0944052264895414	0.3428313367268571	-9.026027947249574	1.7801610567942024e-19	1.2950671688177822e-17	1526.7144931298574	1456.1801360871477	1387.773520071352	1343.4651491899913	288.0574871968152	123.03996610134726	150.78475658162392	115.0073249635988
ENSMUSG00000070105.5	miRNA	mmu-mir-495	Mir495	403.0231253549404	2.648122861452396	0.4761160361110082	5.561927472728468	2.6681118359316952e-8	3.932346040036166e-7	138.57942041289107	88.12114664158292	109.80266803422447	107.1597017079166	1198.1965690846248	910.2779792984629	373.3717782021164	298.67573945770437
ENSMUSG00000070108.4	miRNA	mmu-mir-500	Mir500	64.39670850168122	2.213948268811841	0.3870689671995801	5.719777239776206	1.0666380071601208e-8	1.6930454186377918e-7	35.11302882083389	18.75846190885181	17.627184166029345	19.84438920516974	140.96430224525	120.86226758627916	93.3429445505291	68.66108953050676
ENSMUSG00000070130.3	miRNA	mmu-mir-328	Mir328	5763.56613434637	1.3658321961397695	0.41081588166065774	3.324682070757855	8.85194142318167e-4	0.00429319159024311	4193.9001623604	2801.990717222214	2476.619375327123	3416.7077114001	13943.208156867118	9300.950357855825	5345.678632143762	4629.473961594418
ENSMUSG00000070138.3	miRNA	mmu-mir-452	Mir452	21.741194232176625	3.013564016900523	0.5717239790776212	5.2710121093090985	1.3567351731288528e-7	1.71656493643694e-6	5.618084611333422	1.3087299006175683	6.24296105880206	6.449426491680165	24.515530825260868	63.1532569369747	32.31101926749084	34.33054476525338
ENSMUSG00000070139.3	miRNA	mmu-mir-532	Mir532	17477.734895605387	2.072005658270362	0.3686215835460273	5.620955882014013	1.899037686999679e-8	2.908526141667929e-7	8659.809254652859	6119.621015287749	5928.609607841204	6158.210080094299	28839.45757456625	46185.71895682165	16762.23877332386	21168.213902255233
ENSMUSG00000070167.3	snoRNA		Snora57	56.09810979054103	-2.136403365624231	0.535838268664827	-3.987030211462138	6.69055087937394e-5	4.748659282677601e-4	52.43545637244527	125.2018271590807	84.46359079555728	105.17526278739962	12.257765412630434	11.977341832874512	14.360453007773707	42.91318095656672
ENSMUSG00000076010.3	miRNA	mmu-mir-615	Mir615	255.3203620778083	-1.1774795060318968	0.4867176310033116	-2.419225092801056	0.015553612275967525	0.046501039441505645	491.5824034916744	319.33009575068667	257.4303354247202	344.300152709695	260.47751501839673	138.2838557068239	183.09577584911477	48.062762671354726
ENSMUSG00000076011.3	miRNA	mmu-mir-652	Mir652	502.1643447073282	0.6262545245848395	0.23011523474245074	2.721482240346908	0.006498987707833637	0.02269446507575506	394.20227022856176	307.9877699453344	441.7813031611105	435.0882333233465	637.4038014567825	519.3810958437402	570.8280070590049	710.6422766407449
ENSMUSG00000076028.3	miRNA	mmu-mir-669a-3	Mir669a-3	36.24612382954963	1.526802479211549	0.6163820890845201	2.477039009162691	0.013247742185050131	0.040438038208212464	23.876859598167044	11.342325805352258	18.361650172947236	21.828828125686712	76.61103382894021	99.08528243559823	25.13079276360399	13.73221790610135
ENSMUSG00000076049.6	miRNA	mmu-mir-598	Mir598	29.212132620132646	-1.9552616606867714	0.5032771334240135	-3.885059604008382	1.0230478610480166e-4	7.047542154784006e-4	69.28971020644553	31.409517614821638	40.39563038048392	46.634314632148886	9.193324059472825	17.421588120544744	10.77033975583028	8.582636191313345
ENSMUSG00000076050.3	miRNA	mmu-mir-450b	Mir450b	1106.6097996722833	-2.4888605878341203	0.44783665039139037	-5.557518764172072	2.7363657539917865e-8	3.932346040036166e-7	2047.7918408310325	1339.2669316319782	1994.07520878207	2129.302961714713	165.47983307051086	180.74897675065174	563.647780555118	432.56486404219254
ENSMUSG00000076052.3	miRNA	mmu-mir-541	Mir541	1243.583504912942	1.3662925267069292	0.2812650627814145	4.857668823833785	1.1877585366613138e-6	1.2198978853003848e-5	796.3634936565126	680.9757916213414	645.9628530842838	655.8570632308599	1860.1159013666684	2038.3258101037352	2182.7888571816034	1088.278269058532
ENSMUSG00000076118.3	miRNA	mmu-mir-669c	Mir669c	287695.11072313815	2.528588178748357	0.36594564953193637	6.9097369567927744	4.855531888443106e-12	1.2845088904881306e-10	60934.21386823991	111520.80102132485	94638.1483893908	72868.10105165315	697947.9692711175	592293.7086759926	378365.6257355697	292992.3177718167
ENSMUSG00000076140.3	miRNA	mmu-mir-542	Mir542	1166.589371468227	-1.6402519919531828	0.45572502003510845	-3.5992142626420205	3.191801299116532e-4	0.001906074913571673	2444.3349796476496	1309.1661439177742	1555.231769648631	1752.259566816488	306.44413531576083	335.3655713204863	1080.6240888349714	549.2887162440541
ENSMUSG00000076143.3	miRNA	mmu-mir-708	Mir708	22.208057307287543	2.385362807144388	0.6423719881153205	3.7133667894562064	2.0452013815353324e-4	0.0012845041770362196	10.299821787444607	1.3087299006175683	6.24296105880206	10.914414062843356	49.031061650521735	52.264764361634235	28.720906015547413	18.881799620889357
ENSMUSG00000076240.3	miRNA	mmu-mir-702	Mir702	71.21723565080214	-1.4611064188860543	0.3761338345398771	-3.884538652773472	1.0252438186226446e-4	7.047542154784006e-4	132.0249883663354	93.35606624405321	87.40145482322885	99.71805575597794	58.22438570999456	28.31008069588521	46.67147227526455	24.031381335677363
ENSMUSG00000076241.4	miRNA	mmu-mir-543	Mir543	1026.0139049212712	2.8643856044922447	0.45968291196819516	6.231220543369747	4.6281500545537176e-10	9.182670449148626e-9	321.1671702812273	249.96741101795553	189.8594627882744	229.69880504983973	3282.016689231799	1775.9131390380298	1453.995867037088	705.4926949259569
ENSMUSG00000076251.3	miRNA	mmu-mir-501	Mir501	11885.515874252465	2.3183702997342075	0.34088436361535396	6.801046182189228	1.0386211754569976e-11	2.518656350483219e-10	4179.386777114455	3263.972372140215	3963.5458063323904	4472.925326845259	29642.341209093545	22656.77535076844	15035.39429913907	11869.785852586354
ENSMUSG00000076255.4	miRNA	mmu-mir-92b	Mir92b	2354.607117265788	3.009569343404603	0.3391893977778942	8.872828464335756	7.131113154190849e-19	4.4467584168632935e-17	643.738861715288	429.2634074025624	451.32936125104305	557.1312269351405	4611.9842365022005	6253.261286018029	3195.20079422965	2694.94776407239
ENSMUSG00000076272.3	miRNA	mmu-mir-666	Mir666	51.0572703788238	2.0148460924536598	0.47747628635308004	4.219782531699886	2.44538089505767e-5	1.9407432012594054e-4	24.813207033389283	18.75846190885181	19.830582186783015	16.86773082439428	137.8998608920924	83.84139283012158	78.98249154275538	27.4644358122027
ENSMUSG00000076286.3	miRNA	mmu-mir-672	Mir672	49906.5384000484	4.282101970665075	0.32177434852350556	13.307779163609334	2.085902096566734e-40	5.479417695993552e-38	3457.46290455811	6106.097472981368	5318.268356092437	4636.14542805778	124024.07044499472	113418.89406177642	79804.62747745043	62486.74105447593
ENSMUSG00000076288.3	miRNA	mmu-mir-301b	Mir301b	16.99059683528649	3.2356773782789716	0.5865640256907129	5.516324282705158	3.461632614140507e-8	4.87420205184623e-7	5.1499108937223035	3.9261897018527048	2.203398020753668	1.984438920516974	42.90217894420652	44.64281955889591	17.950566259717135	17.16527238262669
ENSMUSG00000076312.3	miRNA	mmu-mir-499	Mir499	2848.1867727992144	1.179124619997238	0.24093141331768575	4.894026078876131	9.87937387229552e-7	1.058917529016333e-5	2399.8584764745933	1505.9118723106153	1562.5764297178098	1513.1346768941926	3763.133981677543	4300.954567259484	3690.6364229978426	4049.287755061636
ENSMUSG00000076338.3	miRNA	mmu-mir-181d	Mir181d	2932.726770958992	4.6233511639141485	0.21658736548688443	21.34635671624215	4.215493888189307e-101	1.8400630821946325e-98	257.4955446861152	212.01424390004607	212.26067599927003	233.17157316074443	6965.475195727244	5842.765115927694	4961.536514185816	4777.095304085007
ENSMUSG00000076361.3	miRNA	mmu-mir-182	Mir182	27862.972205258222	-0.9593196558993704	0.2599759287061992	-3.690032614456029	2.2422530278062578e-4	0.001388288576790683	31189.264893535103	36823.73321367652	40469.81144718263	38713.42668090539	13682.730641848722	16677.90407764899	24947.696987754873	20399.209699513554
ENSMUSG00000076376.3	miRNA	mmu-mir-674	Mir674	6344.578020372687	3.4751952870913736	0.2833634658932431	12.26409084225646	1.4118806755238881e-34	2.054286382887257e-32	1310.8864093111317	1010.3394832767627	838.0257138933118	1028.4354705579217	14310.941119246032	13463.621069408486	10949.845418427452	7844.529478860396
ENSMUSG00000076398.3	miRNA	mmu-mir-676	Mir676	469.34732934305	0.9777142283241064	0.2590757142274352	3.7738551883940725	1.6074408908121486e-4	0.0010472357445365716	317.88995425794946	315.8401493490398	305.537858877842	328.92075107568843	484.18173379890214	878.7013508299756	574.4181203109483	549.2887162440541
ENSMUSG00000076399.3	miRNA	mmu-mir-450a-2	Mir450-2	11.624515550549878	-5.88885325746162	1.1398318570727555	-5.1664227674641445	2.38616734393798e-7	2.933977593320925e-6	31.36763907994494	17.449732008234243	16.892718159111457	27.28603515710839	0	0	0	0
ENSMUSG00000076460.3	miRNA	mmu-mir-744	Mir744	4477.451241075722	0.49141578086678	0.17350465734533563	2.8322915844771175	0.004621568332527415	0.01724200493289074	3675.1636832472805	3831.524905708034	3575.7477546797445	3807.6421787419436	4339.248956071174	5608.662525557874	5751.36142961337	5230.258494986352
ENSMUSG00000076948.4	miRNA	mmu-mir-467e	Mir467e	4510.978297499341	-0.7452010345497727	0.21628876404253916	-3.445398737417577	5.702175703821714e-4	0.0030090491294264966	4407.85555130868	6056.3657367579	6222.0287776049	5912.635763680324	3079.7635599233963	3083.62109733642	4028.1070686805247	3297.4488247025865
ENSMUSG00000077021.4	miRNA	mmu-mir-467d	Mir467d	1040.8220094049223	-0.9022479791982814	0.21407885455572853	-4.214559074835718	2.502666411180986e-5	0.00019683133125774784	1188.2248952970187	1393.3611008575044	1500.881285136707	1333.5429545874065	756.9170142299292	604.3113379313959	886.7579732300264	662.5795139693902
ENSMUSG00000077042.4	miRNA	mmu-mir-574	Mir574	96.37449570659827	-1.4497234945503825	0.3336236377359056	-4.345386029565371	1.3903094383411475e-5	1.1343365791325438e-4	152.15645822361353	126.51055705969827	141.75193933515266	141.88738281696365	30.644413531576085	57.70901064930447	82.57260479469882	37.763599241778714
ENSMUSG00000077086.3	miRNA	mmu-mir-669o	Mir669o	2131.108149172268	0.819392260383451	0.30448071653223746	2.691113807519881	0.007121389649746196	0.024096795210187708	958.3515999499596	1857.9602155767411	1807.1536100214669	1544.389589892335	2338.1687524592553	3511.5388555473	2789.5179967600425	2241.7845731710454
ENSMUSG00000077167.3	snoRNA		Gm24119	117.09144036181915	-1.3926160168135349	0.3446790750398767	-4.040326546229764	5.3376829709593205e-5	3.982732678331185e-4	110.02082363861285	198.4907015936645	196.10242384707647	174.6306250054937	67.41770976946738	52.264764361634235	50.26158552720798	87.54288915139611
ENSMUSG00000077239.3	snoRNA		Snord66	689.8448877791288	-2.5268128606286995	0.5577386454675872	-4.530460424721536	5.885527935926978e-6	5.2429243755757667e-5	617.5211335290653	1551.7174188322301	1255.202405822673	1277.9786648129311	98.06212330104347	74.04174951231516	247.71781438409644	396.5177920386765
ENSMUSG00000077274.3	snoRNA		Gm22786	20.04558366874411	-2.0140551010359746	0.728558472265418	-2.764438514829655	0.005702085221222044	0.020657513060618606	13.577037810722437	41.87935681976219	39.66116437356603	34.72768110904705	3.0644413531576085	3.2665477726021397	3.5901132519434267	20.598326859152024
ENSMUSG00000077345.3	snoRNA		Snord70	434.9527379713231	-2.6882912092198885	0.5723646305417177	-4.696815746066524	2.6424861976528887e-6	2.481630064101483e-5	373.6026266536726	840.2045961964789	892.7434314086946	904.9041477557402	33.70885488473369	57.70901064930447	175.9155493452279	200.83368687673226
ENSMUSG00000077493.3	snoRNA		Snord91a	1453.7474748817492	-2.2420306917599917	0.7624409151012413	-2.940595982394625	0.0032758149408898	0.01294021015111672	1000.0190608173491	3014.8774477226716	2570.263791209154	3015.8510494556713	67.41770976946738	142.6392527369601	613.909366082326	1205.0021212603936
ENSMUSG00000077549.3	snoRNA		Snord71	493.67468489043074	-2.8356835338495667	0.5278875922796021	-5.371756365032373	7.79734130871102e-8	1.0472429173084185e-6	370.32541063039474	1114.1653887257564	955.5402750001741	1021.9860440662416	76.61103382894021	47.909367331498046	172.32543609328448	190.53452344715623
ENSMUSG00000077655.3	snoRNA		Gm23319	2.997147040463294	-3.0984058124363902	1.2800915716244365	-2.4204563807138517	0.015501038873119745	0.046501039441505645	2.3408685880555926	7.8523794037054095	6.610194062261005	5.457207031421678	0	0	0	1.7165272382626688
ENSMUSG00000077666.4	snRNA		Gm26146	9.949286337171273	-2.291611429908634	0.751088737855604	-3.0510528442368865	0.002280404357908954	0.00957112021372364	14.981558963555793	16.141002107616675	10.282524096850452	24.309376776332932	0	3.2665477726021397	7.180226503886853	3.4330544765253377
ENSMUSG00000077704.3	snoRNA		Snord89	373.8420450976795	1.3609381281489674	0.4418114052383318	3.0803598820967957	0.0020675060991122824	0.008891294702093707	127.34325119022424	258.6922770220727	247.1478113278698	202.90887962286058	386.1196104978587	265.67921883830735	922.6591057494607	580.1862065327821
ENSMUSG00000077711.3	snoRNA		AF357399	46.43694294216698	-1.861248525719296	0.48658873039609524	-3.8250958344312536	1.307212258031163e-4	8.778433086624656e-4	36.98572369127836	85.06744354014194	84.83082379901623	85.82698331235912	6.128882706315217	21.776985150680932	25.13079276360399	25.74790857394003
ENSMUSG00000077714.3	snoRNA		Snord17	1341.7638004370867	-2.5055473824559975	0.7372789825124076	-3.3983708228300564	6.778846767731781e-4	0.00342077065215598	1179.7977683800186	2975.6155507041444	2458.257725154176	2513.2918928347476	67.41770976946738	93.641036147928	527.7466480356837	918.3420724705278
ENSMUSG00000077716.3	snoRNA		Gm25725	2.445786349562145	-3.643157949859661	1.452474596791578	-2.508242111708639	0.012133349958982138	0.03772401793363604	1.4045211528333554	9.161109304322977	4.039563038048392	4.961097301292435	0	0	0	0
ENSMUSG00000077737.3	snoRNA		Snord72	2583.863280722353	-2.3968888666521813	0.7266894012312437	-3.2983677243552565	9.724868694302166e-4	0.004614027375068365	1483.6425111096346	5998.781621130727	4991.430983013976	4898.091365566021	177.73759848314128	217.76985150680932	1195.5077128971611	1707.9446020713553
ENSMUSG00000077756.3	snoRNA		Snord90	659.5004183400998	-2.356440802911856	0.7803370714600417	-3.01977297900619	0.0025296421872231466	0.010516083949741939	531.3771694886195	1296.9513315120103	1191.3038632208168	1392.5800124727864	18.38664811894565	59.88670916437256	455.9443829968152	329.5732297464324
ENSMUSG00000077928.3	miRNA	mmu-mir-208b	Mir208b	11.851087141096198	2.02308283608422	0.8091120753420499	2.5003740492056896	0.012406223887278122	0.038270789588670674	8.895300634611251	3.489946401646849	4.039563038048392	2.4805486506462175	0	31.57662846848735	32.31101926749084	12.015690667838681
ENSMUSG00000078025.3	miRNA	mmu-mir-466g	Mir466g	72.60157026005722	1.5004889195519056	0.43562182379330805	3.4444760055544212	5.721674175083602e-4	0.0030090491294264966	25.749554468611517	35.335707316674345	43.70072741161442	46.138204902019645	199.18868795524455	83.84139283012158	61.031925283038255	85.82636191313344
ENSMUSG00000080364.3	snoRNA		Gm25777	16.71016395859416	-2.819448192083786	0.7665109673318963	-3.678288129259051	2.3480462272927496e-4	0.0014334575919066927	29.026770491889348	22.24840831049866	35.25436833205869	26.293815696849904	3.0644413531576085	0	14.360453007773707	3.4330544765253377
ENSMUSG00000080406.3	miRNA	mmu-mir-1188	Mir1188	19.206758004295764	2.70631388973026	0.5819630070620643	4.6503194479535725	3.31421279354191e-6	3.077986988044774e-5	4.681737176111185	7.416136103499554	3.3050970311305026	4.464987571163191	52.09550300367934	28.31008069588521	43.08135902332112	10.299163429576012
ENSMUSG00000080440.3	snoRNA		Gm25848	10.80423484265734	-3.791477795762184	0.9229348985311576	-4.108066345520454	3.989855033058716e-5	3.0027098653967753e-4	23.408685880555925	15.704758807410819	19.096116179865124	21.828828125686712	0	1.0888492575340465	3.5901132519434267	1.7165272382626688
ENSMUSG00000080461.3	snoRNA		Gm22488	8.530532993976372	-2.6488550189404267	0.9338513724035856	-2.8364845811841484	0.004561318074215015	0.01716392533961081	10.767995505055726	15.268515507204963	12.853155121063065	16.86773082439428	0	0	10.77033975583028	1.7165272382626688
ENSMUSG00000080465.3	snoRNA		Snord94	524.0096573771267	-1.2707884263283427	0.4679244823943721	-2.715798113032495	0.006611622193245569	0.02299580149284216	489.70970862122994	827.553540490509	790.285423443649	852.8126260921696	196.12424660208694	123.03996610134726	495.4356287681929	417.1161188978285
ENSMUSG00000080469.3	snoRNA		Snord98	487.0211407703144	-4.506472413833747	0.6464895636134238	-6.970680839216836	3.154107927978842e-12	8.604800691017278e-11	433.5288625078957	901.2786582252987	992.2635753460686	1404.9827557260176	9.193324059472825	15.243889605476651	53.8516987791514	85.82636191313344
ENSMUSG00000080538.3	snRNA		Gm25541	31.352905201972195	-2.6070461302966814	0.48730207129329445	-5.3499590579978635	8.797413218813964e-8	1.1462898119439688e-6	37.45389740888948	63.69152183005499	62.06237758456166	53.5798508539583	6.128882706315217	8.710794060272372	7.180226503886853	12.015690667838681
ENSMUSG00000080594.3	miRNA	mmu-mir-669h	Mir669h	14613.510259205863	3.584157164869044	0.3933928553058685	9.110885255102845	8.17124677018891e-20	6.484998573068107e-18	1806.6823762613062	2461.720943061646	2262.5225343105585	2466.6575782025984	42025.748717203445	33910.03242738281	17835.682635654943	14139.034861569602
ENSMUSG00000080610.3	snoRNA		Snord110	3395.2647708157574	-2.207869273977484	0.7015420939518422	-3.147165783795497	0.0016486145839993132	0.007268891574906062	2331.036939985759	7358.551987872381	6130.220526740164	6508.959659295675	245.15530825260868	369.1198983040418	1683.763115161467	2535.310730913962
ENSMUSG00000080645.3	miRNA	mmu-mir-1198	Mir1198	107.66987952966373	2.5214675798291264	0.2928158497144212	8.611103470964004	7.23606398717167e-18	4.2113892405339124e-16	21.535991010111452	32.71824751543921	35.98883433897658	38.20044921995175	186.93092254261413	216.68100224927525	150.78475658162392	178.51883277931756
ENSMUSG00000084454.3	snRNA		Gm24592	2.0811816539375925	-3.408961412510391	1.3454084543015563	-2.533774335675696	0.011284137423375763	0.03569221728480812	3.2772160232778296	5.234919602470273	3.672330034589447	4.464987571163191	0	0	0	0
ENSMUSG00000084506.3	snRNA		Gm23792	4.5902262299453565	-3.089379554156376	1.0961990633523688	-2.8182650920249026	0.004828392743583705	0.017936965383610955	11.236169222666843	5.671162902676129	8.079126076096784	8.929975142326382	0	1.0888492575340465	0	1.7165272382626688
ENSMUSG00000084644.3	misc_RNA		Gm24379	591.310117868721	-2.047065842301342	0.5293602667011297	-3.8670560883956373	1.1015709918798145e-4	7.513058405555297e-4	625.0119130108432	1169.1320445516944	875.4834802461243	1138.5718306466138	85.80435788841304	106.70722723833656	319.52007942296495	410.25000994477784
ENSMUSG00000087819.3	snoRNA		Gm25117	255.42672013066192	-2.1134359859795855	0.6702962372459168	-3.152987990299896	0.0016160845545268748	0.007161633584273917	215.82808381872564	575.84115627173	391.4703816872351	475.7692311939445	9.193324059472825	58.79785990683851	172.32543609328448	144.18828801406417
ENSMUSG00000087875.4	snRNA		Gm26104	10.519432836758206	-2.7902462746163432	0.7510392099923452	-3.7151805624699437	2.0305864236500856e-4	0.0012845041770362196	15.91790639877803	19.630948509263526	18.361650172947236	21.828828125686712	0	3.2665477726021397	0	5.149581714788006
ENSMUSG00000087950.3	miRNA	mmu-mir-1948	Mir1948	32.27618886704707	3.0771446127693687	0.4809493663097141	6.398063555796013	1.5735979188168962e-10	3.270835674112263e-9	9.36347435222237	7.8523794037054095	4.774029044966281	5.457207031421678	91.93324059472825	68.59750322464494	35.90113251943427	34.33054476525338
ENSMUSG00000087968.3	scaRNA		Gm25395	96.74159582805915	-2.3025442087094126	0.44295391833495434	-5.198157445732915	2.0127361961151165e-7	2.5101695702978524e-6	99.25282813355713	187.5846190885181	170.39611360495036	186.53725852859554	12.257765412630434	25.04353292328307	43.08135902332112	49.7792899096174
ENSMUSG00000088008.3	scaRNA		Gm25492	96.66646759678983	-1.5455965455363139	0.5216623898731092	-2.962829169862657	0.0030482569053988597	0.01243517887108974	87.54848519327916	195.00075519201766	128.1643182071717	165.20454013303808	21.45108947210326	23.954683665749023	61.031925283038255	90.97594362792145
ENSMUSG00000088054.3	miRNA	mmu-mir-1968	Mir1968	340.45846925041076	4.793802797560583	0.3905005666903918	12.276045687179112	1.2180778556358466e-34	2.054286382887257e-32	27.154075621444875	23.993381511322085	25.70631024212613	17.859950284652765	940.7834954193858	855.8355164217605	466.71472275264546	365.62030174994845
ENSMUSG00000088113.3	miRNA	mmu-mir-1960	Mir1960	14.908472668959888	1.7264425150830842	0.6883812903486526	2.5079741987302886	0.012142553309681246	0.03772401793363604	9.831648069833488	3.489946401646849	7.344660069178894	6.945536221809409	52.09550300367934	23.954683665749023	3.5901132519434267	12.015690667838681
ENSMUSG00000088148.3	miRNA	mmu-mir-1983	Mir1983	1134.6088828272593	0.964809952173651	0.35379319379182156	2.7270449774151477	0.0063904327719689034	0.02258642838027876	1073.5223344822948	610.7406202881986	680.8499884128835	711.4213530053352	1961.2424660208694	1947.9513217284093	911.8887659936304	1179.2542126864535
ENSMUSG00000088185.3	scaRNA		Scarna2	145.54392511500515	-1.3144348359039248	0.43833803065279237	-2.998678517459255	0.0027115325293777717	0.011165886312013183	125.00238260216864	242.11503161425014	228.78616115492255	233.6676828908737	67.41770976946738	40.28742252875972	89.75283129858568	137.32217906101351
ENSMUSG00000088208.3	scaRNA		Gm23751	66.87195927189255	-2.3463591329237947	0.735746556039714	-3.189086124376155	0.0014272334918272141	0.006389614555718758	118.9161242732241	104.69839204940546	98.78567793045613	122.53910334192314	0	5.444246287670233	50.26158552720798	34.33054476525338
ENSMUSG00000088252.3	snoRNA		Snord13	1807.9784502604246	-2.0489352423350145	0.5087171789708429	-4.027650975892145	5.633689123459236e-5	4.132950088050347e-4	1539.3551835053577	3605.5508762014006	3364.5887776908517	3138.8862625277234	281.9286044905	399.6076775149951	947.7898985130647	1186.120321639504
ENSMUSG00000088308.3	snoRNA		Gm24507	12.628509031930868	-2.301677931044506	0.7790932950835564	-2.9543033492512025	0.0031337580300874147	0.012665605371603302	9.831648069833488	23.55713821111623	24.604611231749296	24.309376776332932	0	1.0888492575340465	10.77033975583028	6.866108953050675
ENSMUSG00000088491.3	miRNA	mmu-mir-1953	Mir1953	7.001443388159406	2.3039583554147867	0.6263495323414461	3.6783907969118026	2.3471014440570466e-4	0.0014334575919066927	3.2772160232778296	2.1812165010292803	1.8361650172947235	2.4805486506462175	12.257765412630434	13.066191090408559	7.180226503886853	13.73221790610135
ENSMUSG00000088559.3	miRNA	mmu-mir-1981	Mir1981	880.1120293413398	1.2544043694317548	0.4660905570083212	2.6913318679600704	0.007116736051431445	0.024096795210187708	429.7834727670068	632.1165419982855	547.5444081572866	468.8236949721351	2451.5530825260867	1070.3388201559678	915.4788792455738	525.2573349083766
ENSMUSG00000088606.3	miRNA	mmu-mir-1951	Mir1951	6.24863143119793	2.5113641406029137	0.8513102337026704	2.9499987679932382	0.003177751966289545	0.012725584709040241	3.7453897408889483	1.7449732008234244	1.101699010376834	0.992219460258487	0	14.155040347942604	17.950566259717135	10.299163429576012
ENSMUSG00000088689.3	scaRNA		Scarna17	91.58955902551573	-2.0970859463193157	0.6141952345664481	-3.414363753244715	6.393115957786777e-4	0.003283053077145798	65.5443204655566	174.9335633825483	157.91019148734622	192.98668502027573	18.38664811894565	8.710794060272372	61.031925283038255	53.21234438614273
ENSMUSG00000088860.3	miRNA	mmu-mir-1947	Mir1947	252.02337429775577	4.389544112463148	0.3301917761101715	13.293923198736897	2.5106152100772293e-40	5.479417695993552e-38	21.067817292500333	27.91957121317479	25.70631024212613	16.86773082439428	683.3704217541467	503.0483569807295	355.4212119423992	382.78557413257516
ENSMUSG00000088948.3	snoRNA		Gm23262	2.352753784719256	-3.5857056723756715	1.350596792077946	-2.654904626908615	0.007933083415567505	0.026333010729241185	2.809042305666711	3.9261897018527048	5.141262048425226	6.945536221809409	0	0	0	0
ENSMUSG00000089093.5	snoRNA		Snord11	1126.1047245054865	-2.4692382377192628	0.7649086553222118	-3.2281478586212566	0.001245945553793291	0.005768807083784815	751.8869904834563	2651.486778651193	2093.595352719444	2134.2640590160054	49.031061650521735	91.4633376328599	420.0432504773809	817.0669654130303
ENSMUSG00000089139.3	miRNA	mmu-mir-1964	Mir1964	445.9383689757908	2.104802209225459	0.4644808163086282	4.5315159105019	5.85619255462092e-6	5.2429243755757667e-5	227.06425304139248	153.55764167246133	139.18130831094004	152.801796879807	1382.0630502740814	733.8843995779474	423.63336372932434	355.3211383203724
ENSMUSG00000089255.3	snoRNA		Snora78	18.780352176449554	-3.578473702418036	0.7355893066053635	-4.864771238902542	1.1458926408672026e-6	1.2052581632253829e-5	23.876859598167044	38.38941041811533	35.25436833205869	41.17710760072721	0	1.0888492575340465	3.5901132519434267	6.866108953050675
ENSMUSG00000089265.2	snoRNA		Gm22888	146.1468791154036	-2.9234275575108946	0.7880596280327409	-3.7096527388526965	2.07543719461043e-4	0.0012941833363535038	58.989888419000934	335.0348545580975	272.119655563078	369.10563921615716	3.0644413531576085	21.776985150680932	21.54067951166056	87.54288915139611
ENSMUSG00000089281.3	scaRNA		Scarna6	52.52813635307187	-2.9483114678988542	0.6006694605595412	-4.908375839771204	9.183373866328365e-7	1.0278314596544438e-5	57.11719354855646	108.18833845105232	95.84781390278457	113.11301846946752	3.0644413531576085	6.533095545204279	7.180226503886853	29.18096305046537
ENSMUSG00000089308.2	snoRNA		Gm24837	1455.7575763582033	-2.886683563937661	0.7197541867305451	-4.01065199363453	6.055130507138787e-5	4.3328925678132467e-4	978.0148960896265	3226.8916916227176	2822.5528645854492	3231.658782061892	85.80435788841304	82.75254357258754	423.63336372932434	794.7521113156156
ENSMUSG00000089317.3	snoRNA		Snord123	208.94161314620482	-3.458688947703842	0.4893107167359386	-7.068492124545799	1.5662623846771577e-12	4.410796973623092e-11	188.20583447966965	472.0152508227363	387.06358564572776	481.22643822536617	27.579972178418476	15.243889605476651	53.8516987791514	46.346235433092055
ENSMUSG00000089357.3	miRNA	mmu-mir-2137	Mir2137	43.32946428287387	1.7312050192020045	0.5223708597630052	3.314130156470512	9.192870447597892e-4	0.004409547198215911	17.790601269222503	18.322218608645954	15.791019148734623	28.27825461736688	24.515530825260868	37.02087475615758	93.3429445505291	111.57427048707348
ENSMUSG00000089417.3	scaRNA		Gm22009	751.4274101944945	-3.2894933820311234	0.5096716689065762	-6.45414211287874	1.0883364588899548e-10	2.3752943215273263e-9	698.0470129581777	1495.4420331056747	1678.6220588108363	1577.6289418109943	64.35326841630977	70.77520173971303	254.89804088798329	171.65272382626688
ENSMUSG00000089542.3	snoRNA		Gm25835	2936.9780319699803	-1.993777232245325	0.42064034571521963	-4.739862099664459	2.1386372124915926e-6	2.0516816335221543e-5	3849.3243061986163	5275.053986089212	4828.012296474746	4827.643783887668	563.857208981	729.5290025478112	1522.208018824013	1900.1956527567743
ENSMUSG00000089617.3	snoRNA		Scarna10	35.106558092541704	-2.381336440055275	0.47867161168419897	-4.974885457854035	6.528623208103831e-7	7.417324254639905e-6	44.00832945544514	57.147872326967146	56.92111553613643	78.38533736042046	3.0644413531576085	9.799643317806419	14.360453007773707	17.16527238262669
ENSMUSG00000092680.3	snoRNA		Snord55	9470.01345108811	-2.110887682201155	0.6070482983444283	-3.477297750373522	5.064950103674335e-4	0.002781523663632674	6366.22621207599	19450.780026278506	17003.622526156058	18696.8873993808	1302.3875750919835	1301.1748627531856	5123.09161052327	6515.937396445091
ENSMUSG00000092713.3	snoRNA		Gm22858	514.0451779540441	-2.1951031800665057	0.6755946897091976	-3.249142146175489	0.0011575361950494105	0.005432952141280297	333.8078606567275	1082.319627810729	953.3368769794205	1006.1105327021058	36.7732962378913	75.13059876984921	236.94747462826618	387.93515584736315
ENSMUSG00000092727.3	miRNA	mmu-mir-3062	Mir3062	58.68196021725563	2.1811799404505363	0.37776057221617965	5.773974577744764	7.742312319309927e-9	1.3253016970112876e-7	27.154075621444875	14.832272206999107	13.9548541314399	28.27825461736688	101.12656465420108	76.21944802738325	122.06385056607651	85.82636191313344
ENSMUSG00000092734.3	miRNA	mmu-mir-5100	Mir5100	22.005354671497425	1.6458294414000314	0.4204769424854755	3.9141966540933053	9.070568967058933e-5	6.334885366593959e-4	13.108864093111318	7.8523794037054095	9.180825086473618	11.906633523101844	24.515530825260868	25.04353292328307	46.67147227526455	37.763599241778714
ENSMUSG00000092738.3	miRNA	mmu-mir-5135	Mir5135	8.170148996141933	4.526574837751157	1.301771623848906	3.4772419023604	5.066005298025145e-4	0.002781523663632674	2.809042305666711	0	0	0	21.45108947210326	30.487779210953303	7.180226503886853	3.4330544765253377
ENSMUSG00000092770.3	miRNA	mmu-let-7a-2	Mirlet7a-2	12.322226893115253	1.8200725785197378	0.7128758203907649	2.553141131259102	0.01067562288369856	0.0338902500998867	4.213563458500067	4.362433002058561	4.406796041507336	8.43386541219714	9.193324059472825	25.04353292328307	39.49124577137769	3.4330544765253377
ENSMUSG00000092793.3	miRNA	mmu-mir-466m	Mir466m	7.6940256525389	1.816438722428836	0.7444454824154452	2.4399889116596913	0.014687712732247952	0.04436807340917807	1.8726948704444741	3.9261897018527048	5.141262048425226	3.4727681109047044	12.257765412630434	22.865834408214976	0	12.015690667838681
ENSMUSG00000092813.3	miRNA	mmu-mir-3086	Mir3086	26.63918188290659	3.196654192147954	0.6677639670056568	4.7871019553243945	1.692068862536774e-6	1.6786092238575042e-5	9.36347435222237	3.9261897018527048	3.672330034589447	3.968877841033948	107.2554473605163	38.109724013691626	10.77033975583028	36.04707200351604
ENSMUSG00000092832.3	miRNA	mmu-mir-3088	Mir3088	3.11877617079926	4.674779904759172	1.6661666376541913	2.8057097046072355	0.005020590068805048	0.01857192851723223	0	0	0	0.992219460258487	3.0644413531576085	6.533095545204279	14.360453007773707	0
ENSMUSG00000092862.2	miRNA	mmu-mir-3094	Mir3094	5.76819690092486	-3.4444821460069903	1.0995640369284245	-3.132588944641163	0.0017327191900842393	0.007601325894188648	10.299821787444607	5.671162902676129	12.48592211760412	14.883291903877305	0	1.0888492575340465	0	1.7165272382626688
ENSMUSG00000092958.3	miRNA	mmu-mir-5128	Mir5128	10.473982780766539	3.0354137296867636	0.678670776975016	4.472586462638433	7.727913714888394e-6	6.614184973625067e-5	1.4045211528333554	2.6174598012351367	1.101699010376834	3.968877841033948	24.515530825260868	21.776985150680932	21.54067951166056	6.866108953050675
ENSMUSG00000092999.3	misc_RNA		Gm23921	49.677268551530844	-0.8615258355818112	0.34848214773206576	-2.4722237313694606	0.013427545292386083	0.040702246667545315	62.267104442278765	65.00025173067256	57.65558154305432	69.4553622180941	33.70885488473369	21.776985150680932	39.49124577137769	48.062762671354726
ENSMUSG00000093017.3	miRNA	mmu-mir-5108	Mir5108	278.8466368306511	1.473450561677905	0.5659091315748622	2.603687552412268	0.0092226791445201	0.0300425331834554	232.21416393511478	103.82590544899375	125.22645417950015	127.99631037334483	165.47983307051086	182.9266752657198	875.9876334741962	417.1161188978285
ENSMUSG00000093044.3	snoRNA		Snord8	74.5691919869201	-1.6223199652667313	0.5038957132741382	-3.2195550042001018	0.0012838972718902197	0.005837720408125843	73.50327366494561	125.2018271590807	123.39028916220542	127.99631037334483	18.38664811894565	16.332738863010697	43.08135902332112	68.66108953050676
ENSMUSG00000093102.3	miRNA	mmu-mir-3475	Mir3475	42.65934489702259	2.8259249367738173	0.3721610365624258	7.593285323139411	3.11894724138278e-14	1.0472465160489106e-12	8.427126917000134	9.597352604528833	10.282524096850452	13.394962713489575	91.93324059472825	75.13059876984921	86.16271804664224	46.346235433092055
ENSMUSG00000093120.3	miRNA	mmu-mir-3474	Mir3474	283.2101297202406	2.5619633804826987	0.5150210296957421	4.974483045859747	6.542198941664063e-7	7.417324254639905e-6	82.86674801716798	88.12114664158292	88.87038683706461	67.96703302770636	928.5257300067553	558.5796691149659	297.9793999113044	152.77092420537753
ENSMUSG00000093278.3	miRNA	mmu-mir-5110	Mir5110	19.354920910772268	1.8762760822122244	0.67750371419326	2.7693960090630747	0.00561603289178089	0.020513793784622248	11.704342940277963	6.979892803293698	2.9378640276715577	10.914414062843356	18.38664811894565	8.710794060272372	57.44181203109483	37.763599241778714
ENSMUSG00000093289.3	snoRNA		Snord92	149.63092607895507	-2.231029928108876	0.5988802432473022	-3.725335663122873	1.9505549413524162e-4	0.0012429448640880725	110.95717107383508	329.36369165542135	284.2383446772232	260.9537180479821	18.38664811894565	19.599286635612838	82.57260479469882	90.97594362792145
ENSMUSG00000093293.2	miRNA	mmu-mir-3095	Mir3095	7.746970645376284	4.726482712785905	1.318952485177062	3.5835124963970184	3.3900453758683817e-4	0.001999668657522363	1.4045211528333554	0.8724866004117122	0	0	0	23.954683665749023	32.31101926749084	3.4330544765253377
ENSMUSG00000093403.3	miRNA	mmu-mir-5616	Mir5616	7.291341643664647	3.211881730533117	1.0145213963221746	3.165908321083	0.0015459951119599009	0.0068859884323520075	0.9363474352222371	0	2.9378640276715577	1.984438920516974	9.193324059472825	32.66547772602139	7.180226503886853	3.4330544765253377
ENSMUSG00000093746.3	miRNA	mmu-mir-5622	Mir5622	6.114301222653937	2.12915748733795	0.8295343362430635	2.566690002225636	0.010267435735128628	0.03271339925827479	1.8726948704444741	2.1812165010292803	2.203398020753668	3.4727681109047044	12.257765412630434	21.776985150680932	0	5.149581714788006
ENSMUSG00000098280.3	miRNA	mmu-mir-7687	Mir7687	18.813330834105937	1.7830344972146472	0.5157983032236867	3.4568444410748618	5.465402463059376e-4	0.002931243363500637	11.704342940277963	4.7986763022644165	8.079126076096784	8.929975142326382	30.644413531576085	34.84317624108949	39.49124577137769	12.015690667838681
ENSMUSG00000098296.3	miRNA	mmu-mir-6918	Mir6918	4.748068647892126	2.9401989393018058	1.0337688285662612	2.8441551515725054	0.004452935886062063	0.01682862782914364	0.9363474352222371	1.3087299006175683	2.203398020753668	0	6.128882706315217	18.51043737807879	7.180226503886853	1.7165272382626688
ENSMUSG00000098339.3	miRNA	mmu-mir-6977	Mir6977	8.338736473772993	-3.1215003175963925	0.9357284284559861	-3.3359041177653164	8.502248206225401e-4	0.00414662719778479	22.472338445333687	13.959785606587396	9.915291093391508	15.379401634006548	0	3.2665477726021397	0	1.7165272382626688
ENSMUSG00000098388.3	miRNA	mmu-mir-8109	Mir8109	4.759194645339268	3.651663937219848	1.2724537902285404	2.8697811781156997	0.004107559486096497	0.01586681164319576	2.3408685880555926	0	0.3672330034589447	0	3.0644413531576085	2.177698515068093	21.54067951166056	8.582636191313345
ENSMUSG00000098414.3	miRNA	mmu-mir-6909	Mir6909	3.2689607629333635	-3.292173763932389	1.2519966689065074	-2.6295387565270203	0.008550078540529082	0.027965481224225555	10.299821787444607	3.9261897018527048	5.8757280553431155	4.961097301292435	0	1.0888492575340465	0	0
ENSMUSG00000098415.3	miRNA	mmu-mir-6928	Mir6928	5.64878832016836	4.029678359770947	0.9746652054054139	4.134423120290617	3.558473466662551e-5	2.701345509909919e-4	0.9363474352222371	0.8724866004117122	0.3672330034589447	0.4961097301292435	12.257765412630434	4.355397030136186	3.5901132519434267	22.314854097414695
ENSMUSG00000098451.3	miRNA	mmu-mir-6952	Mir6952	18.916089788293323	1.299087946916531	0.4399882977802644	2.95255113254242	0.0031515986942935574	0.012679012258609566	8.895300634611251	14.396028906793251	10.282524096850452	9.426084872455625	27.579972178418476	29.398929953419255	35.90113251943427	15.448745144364018
ENSMUSG00000098473.3	miRNA	mmu-mir-7083	Mir7083	47.19042155336518	1.3234524825198555	0.5292690094755216	2.5005289537570485	0.01240079958691097	0.038270789588670674	38.858418561722836	27.91957121317479	25.339077238667187	16.86773082439428	91.93324059472825	112.1514735260068	21.54067951166056	42.91318095656672
ENSMUSG00000098483.3	miRNA	mmu-mir-7078	Mir7078	4.055878459803695	2.6035907923951864	0.9097335259352844	2.8619268370025948	0.004210740953530272	0.016052300665641606	0.9363474352222371	1.3087299006175683	0.7344660069178894	1.984438920516974	6.128882706315217	7.621944802738326	0	13.73221790610135
ENSMUSG00000098540.3	miRNA	mmu-mir-7059	Mir7059	16.173363788320007	-1.990040644381739	0.6842488768569542	-2.9083579260266252	0.003633322263077517	0.01428779430480483	32.303986515167175	17.013488708028387	19.096116179865124	35.22379083917629	15.322206765788042	8.710794060272372	0	1.7165272382626688
ENSMUSG00000098596.3	miRNA	mmu-mir-7226	Mir7226	4.199075457656316	2.614270048356734	1.0402775322911468	2.513050572762988	0.011969217530386789	0.03745206775637156	0.9363474352222371	2.6174598012351367	1.101699010376834	0.4961097301292435	3.0644413531576085	18.51043737807879	0	6.866108953050675
ENSMUSG00000098698.3	miRNA	mmu-mir-6960	Mir6960	70.90780271020526	2.7101315538984947	0.4790451037391801	5.657361974362329	1.5371734651867766e-8	2.3963436341215287e-7	21.067817292500333	20.939678409881093	21.299514200618795	11.906633523101844	180.8020398362989	175.3047304629815	86.16271804664224	49.7792899096174
ENSMUSG00000098701.3	miRNA	mmu-mir-6914	Mir6914	2.418473811770459	-3.6198962236521868	1.4630675772952904	-2.474182518858173	0.013354145320770523	0.04062079743913821	2.809042305666711	3.0537031014409926	2.570631024212613	10.914414062843356	0	0	0	0
ENSMUSG00000098714.3	miRNA	mmu-mir-7663	Mir7663	11.920933109892562	2.2613349726144003	0.5443565969004723	4.154142680533828	3.265094011381531e-5	2.50037462450533e-4	4.213563458500067	6.543649503087841	2.203398020753668	3.4727681109047044	15.322206765788042	19.599286635612838	25.13079276360399	18.881799620889357
ENSMUSG00000098769.3	miRNA	mmu-mir-8103	Mir8103	103.45414259291603	2.3286941433766115	0.30596877407565753	7.610888236591066	2.7221855662387652e-14	9.50587199730577e-13	35.11302882083389	41.44311351955633	28.276941266338742	31.25491299814234	229.83310148682062	124.12881535888131	183.09577584911477	154.4874514436402
ENSMUSG00000098771.3	miRNA	mmu-mir-6538	Mir6538	577.593181320275	2.1800286430239058	0.6419554328085961	3.395918986908703	6.839860075881804e-4	0.003431722900140699	166.6698434695582	211.14175729963435	226.58276313416889	230.19491477996897	239.02642554629347	275.4788621561138	2039.1843271038663	1232.4665570725963
ENSMUSG00000098774.3	miRNA	mmu-mir-6930	Mir6930	5.469951243914885	5.069108959994244	1.466738355308272	3.4560417279937043	5.481704531164692e-4	0.002931243363500637	0	1.3087299006175683	0	0	12.257765412630434	25.04353292328307	0	5.149581714788006
ENSMUSG00000098838.4	miRNA	mmu-mir-381	Mir381	90.52990232385281	1.9260674267771143	0.6724435958131626	2.8642810174256894	0.00417957032710643	0.016003354805104883	71.16240507689001	26.174598012351364	27.542475259420854	25.79770596672066	315.6374593752337	158.9719915999708	64.62203853498168	34.33054476525338
ENSMUSG00000098896.3	miRNA	mmu-mir-3473g	Mir3473g	18.056730087627862	2.2589794183342016	0.792861672169574	2.8491469541625922	0.0043836627434829705	0.016638859022002753	12.172516657889082	9.597352604528833	0.3672330034589447	2.976658380775461	39.837737591048906	27.221231438351165	17.950566259717135	34.33054476525338
ENSMUSG00000098926.3	miRNA	mmu-mir-6904	Mir6904	9.493598783921607	2.081113452067383	0.706913373699305	2.943944094842676	0.0032405853016787374	0.012859231674388807	4.213563458500067	2.6174598012351367	6.97742706571995	0.992219460258487	6.128882706315217	21.776985150680932	14.360453007773707	18.881799620889357
ENSMUSG00000099031.3	miRNA	mmu-mir-7240	Mir7240	3.9743374302617522	3.988849691019852	1.4798333638890233	2.6954721986650565	0.007028894310036774	0.02397459748748303	0	0	0	1.984438920516974	15.322206765788042	7.621944802738326	0	6.866108953050675
ENSMUSG00000099063.3	miRNA	mmu-mir-7031	Mir7031	5.1139136617489385	2.518758940695114	0.9579135643283395	2.629421937939873	0.00855301659435077	0.027965481224225555	1.8726948704444741	0.8724866004117122	0.3672330034589447	2.976658380775461	15.322206765788042	2.177698515068093	3.5901132519434267	13.73221790610135
ENSMUSG00000099076.3	miRNA	mmu-mir-7070	Mir7070	51.50928046350249	-1.7185999934104879	0.360478041226378	-4.767558066959251	1.8647226037782806e-6	1.808780925664932e-5	95.03926467505705	73.28887443458382	76.3844647194605	70.44758167835258	30.644413531576085	17.421588120544744	17.950566259717135	30.897490288728036
ENSMUSG00000099091.3	miRNA	mmu-mir-7003	Mir7003	15.438948376383943	1.598297024747991	0.6427290529765869	2.4867353005842934	0.012892128246877908	0.03962967591381836	5.618084611333422	13.087299006175682	6.610194062261005	4.961097301292435	52.09550300367934	18.51043737807879	7.180226503886853	15.448745144364018
ENSMUSG00000099124.3	miRNA	mmu-mir-8117	Mir8117	31.280436877200678	2.3539777482148048	0.8759720954345869	2.6872748121582006	0.0072037657577035605	0.024188028871058493	28.55859677427823	2.6174598012351367	7.711893072637839	1.984438920516974	52.09550300367934	10.888492575340466	50.26158552720798	96.12552534270945
ENSMUSG00000099145.3	miRNA	mmu-mir-8116	Mir8116	4.41943348742952	5.944148910044196	1.7071622868818173	3.4818886029291103	4.978907704807098e-4	0.002768526386176176	0.46817371761111853	0	0	0	12.257765412630434	1.0888492575340465	21.54067951166056	0
ENSMUSG00000099226.3	miRNA	mmu-mir-7091	Mir7091	7.038138460914372	-3.540701541424094	1.088134493846938	-3.2539190343157576	0.001138247160898064	0.005371296061967621	9.36347435222237	14.396028906793251	13.9548541314399	11.410523792972601	0	0	7.180226503886853	0
ENSMUSG00000099275.3	miRNA	mmu-mir-8107	Mir8107	2.9100708500888053	4.153906749200383	1.6756288254698821	2.4790136610567908	0.013174626008958119	0.0403559596695454	0	0	1.101699010376834	0	15.322206765788042	3.2665477726021397	3.5901132519434267	0
ENSMUSG00000104741.3	miRNA	mmu-mir-3087	Mir3087	6.419874078597375	2.6923479840664726	0.767455330635806	3.508149434359874	4.512355085456355e-4	0.002542796059618819	1.4045211528333554	1.3087299006175683	1.101699010376834	2.976658380775461	18.38664811894565	11.977341832874512	10.77033975583028	3.4330544765253377
ENSMUSG00000105167.4	miRNA		Snord43	34238.48073874089	-2.4970358221785323	0.5915250446938078	-4.221352662203977	2.4284066167300046e-5	1.9407432012594054e-4	35385.50592448356	67342.4420094778	57412.4732947645	72549.10249518005	2902.0259614402553	4482.7923932676695	13200.84642739598	20632.657403917277
ENSMUSG00000105468.3	miRNA	mmu-mir-6906	Mir6906	2.1248457098379365	5.7812360848063955	2.1448502510889282	2.695403132163327	0.007030351611449777	0.02397459748748303	0	0	0	0	0	3.2665477726021397	0	13.73221790610135
ENSMUSG00000106145.3	miRNA	mmu-mir-7073	Mir7073	20.41911583123159	1.8631780362459998	0.7760426787847641	2.40087057990628	0.016356120104842237	0.048567662760296844	5.1499108937223035	15.704758807410819	4.774029044966281	9.92219460258487	58.22438570999456	55.53131213423637	7.180226503886853	6.866108953050675
ENSMUSG00000118729.1	snoRNA		Snord88c	75.88289130814988	-2.432437688776575	0.7233619158426344	-3.362684204825826	7.718860897719374e-4	0.0038257718334507606	72.56692622972336	135.67166636402123	129.26601721754855	173.14229581510597	18.38664811894565	1.0888492575340465	32.31101926749084	44.62970819482939
ENSMUSG00000118734.1	snRNA		Gm25313	1459.307092818761	-1.470142405995489	0.42750616476025655	-3.438880014326666	5.841260667698435e-4	0.0030535452472459485	1819.7912403544176	2120.1424390004604	2128.1152550445845	2515.7724414853938	358.5396383194402	1426.3925273696009	732.3831033964591	573.3200975797314
ENSMUSG00000118744.1	snoRNA		Gm50451	119.13208198359877	-2.7853691055389205	0.8157078197876338	-3.4146651999291606	6.38604544935366e-4	0.003283053077145798	69.28971020644553	318.0213658500691	208.95557896813955	235.65212181139066	6.128882706315217	3.2665477726021397	43.08135902332112	68.66108953050676
ENSMUSG00000118759.1	snRNA		Gm25457	2.7648292608828404	-3.8222734503556244	1.4102296578905846	-2.7103907714385786	0.006720397955282747	0.023281378630800948	1.4045211528333554	7.416136103499554	7.344660069178894	5.953316761550922	0	0	0	0
ENSMUSG00000118790.1	snRNA		Gm25939	23.239386969453815	-1.815308734179102	0.5897737030242828	-3.077975034950584	0.0020841237402472687	0.008918823653116987	21.067817292500333	41.87935681976219	42.23179539777864	38.20044921995175	3.0644413531576085	4.355397030136186	17.950566259717135	17.16527238262669
ENSMUSG00000118838.1	snRNA		Gm24242	21.433246009254056	5.573568664756427	0.6746374646662601	8.261575967343653	1.437616099016004e-16	6.6054676549524814e-15	1.4045211528333554	1.3087299006175683	0.3672330034589447	0.4961097301292435	27.579972178418476	46.820518073964	57.44181203109483	36.04707200351604
ENSMUSG00000118859.1	snRNA		Gm26316	116.15548327940026	-3.482524818205392	0.6773623761971184	-5.141302411505577	2.7284048685483493e-7	3.26287321951056e-6	259.3682395565597	189.32959228934155	191.3283948021102	208.8621963844115	0	7.621944802738326	53.8516987791514	18.881799620889357
ENSMUSG00000119079.1	snoRNA		Gm24949	113.37914952409176	-2.05312325011346	0.4940773754631459	-4.1554690663357565	3.246208648287005e-5	2.50037462450533e-4	82.86674801716798	222.04783980478075	214.09684101656478	214.81551314596243	36.7732962378913	35.93202549862354	21.54067951166056	78.96025296008277
ENSMUSG00000119124.1	misc_RNA		Gm54851	26.60742643109583	-2.500216078706286	0.48512522024181837	-5.153754070876821	2.553227427950841e-7	3.0957882563903943e-6	34.64485510322277	50.16797952367345	50.678154477334374	46.138204902019645	6.128882706315217	7.621944802738326	7.180226503886853	10.299163429576012
ENSMUSG00000119132.1	snRNA		Gm24407	20.82947114080824	-1.3190586780063012	0.48132341796912403	-2.740483069724474	0.00613489425518113	0.021860255856216843	28.09042305666711	25.302111411939652	37.090533349353414	27.28603515710839	6.128882706315217	7.621944802738326	17.950566259717135	17.16527238262669
ENSMUSG00000119142.1	snRNA		Gm23143	96.25900613229828	-2.734060867289354	0.4772116864446507	-5.729241225542501	1.0088085319389443e-8	1.6309071266346267e-7	128.7477723430576	213.75921710086948	153.13616244237994	172.64618608497673	3.0644413531576085	22.865834408214976	46.67147227526455	29.18096305046537
ENSMUSG00000119227.1	snRNA		Gm25099	1148.9249405052972	-4.253118563568338	0.49581866375197514	-8.57797189678985	9.656053208678434e-18	5.26858403198517e-16	1820.72758778964	2002.7929912450852	2276.4773884419983	2628.389350224732	42.90217894420652	59.88670916437256	229.7672481243793	130.45607010796283
ENSMUSG00000119265.2	snRNA		Gm25781	22.72002776690038	-2.385512255771124	0.8093768245019264	-2.9473444056655795	0.00320516006572913	0.012776733960646257	15.91790639877803	42.7518434201739	38.19223235973025	56.55650923473376	3.0644413531576085	1.0888492575340465	3.5901132519434267	20.598326859152024
ENSMUSG00000119286.1	snRNA		Rnu5g	1327.7884288404796	-3.10115157299641	0.4648198643747214	-6.671727717936708	2.5280929366396065e-11	5.964932793746963e-10	2023.9149812328653	2175.5453381266043	2381.1387944277976	2940.442370476026	98.06212330104347	516.1145480711381	226.1771348724359	260.91214021592566
ENSMUSG00000119287.1	snRNA		Gm23686	44.66082545161433	1.4250766579234757	0.3631464251639556	3.9242480695770947	8.700105042369503e-5	6.125154598377884e-4	28.55859677427823	24.42962481152794	18.728883176406182	27.28603515710839	45.96662029736412	72.95290025478111	46.67147227526455	92.69247086618411
ENSMUSG00000119368.1	snRNA		Gm22170	4.191098573128516	-2.8441674115233275	1.0998005502478483	-2.5860756396988283	0.009707562475073253	0.03138778533607019	5.1499108937223035	8.288622703911265	6.97742706571995	8.43386541219714	0	1.0888492575340465	3.5901132519434267	0
ENSMUSG00000119380.1	snRNA		Gm24283	3.4466913755482382	-4.136572218481377	1.2906373098848236	-3.205061706181828	0.0013503352823144843	0.006107993271816294	5.1499108937223035	3.9261897018527048	8.079126076096784	10.418304332714113	0	0	0	0
ENSMUSG00000119403.1	snRNA		Gm22265	234.72482959128206	-2.822371063184025	0.34024281678948015	-8.295167227381386	1.0843255755947306e-16	5.2589790416344436e-15	330.06247091583856	389.1290237836236	415.7077599155254	516.9463387946718	30.644413531576085	72.95290025478111	50.26158552720798	72.09414400703209
ENSMUSG00000119459.1	snRNA		Gm23287	308.5313398780192	-1.0558681421473295	0.3090523737597601	-3.416469931300712	6.343866919291458e-4	0.003283053077145798	309.93100105856047	461.54541161779576	430.0298470504243	470.80813389265205	214.5108947210326	256.968424778035	118.47373731413309	205.98326859152024
ENSMUSG00000119520.1	snRNA		Gm24265	57.302717466462234	-1.739572552924842	0.49012757454381767	-3.5492240046766095	3.8636825307559883e-4	0.002233771423410581	79.58953199389015	79.83252393767167	80.79126076096784	109.64025035856281	9.193324059472825	13.066191090408559	50.26158552720798	36.04707200351604
ENSMUSG00000119538.1	snRNA		Gm24142	3.0147382853741562	-3.015561427167407	1.253969800934369	-2.404811842295106	0.016180794446683647	0.048211036013497695	3.2772160232778296	7.416136103499554	4.406796041507336	5.953316761550922	3.0644413531576085	0	0	0
ENSMUSG00000119624.1	snRNA		Gm25414	73.82238377190312	-2.096592336707958	0.59572632174667	-3.5193884509933153	4.325428864598257e-4	0.0024842759202593936	65.5443204655566	129.56426016113926	110.9043670446013	170.1656374343305	6.128882706315217	13.066191090408559	57.44181203109483	37.763599241778714
ENSMUSG00000119765.1	snoRNA		Gm23136	289.57534789408066	-2.8521433824521956	0.764189167140531	-3.732247858373134	1.8977862530940678e-4	0.0012182113227581772	203.65556716083654	639.9689214019909	585.3694075135579	608.2305291384525	9.193324059472825	31.57662846848735	39.49124577137769	199.1171596384696
ENSMUSG00000119849.1	misc_RNA		Gm54376	77.27040223794894	-1.3164284589873287	0.5076398797404085	-2.5932329423380014	0.009507834839503421	0.030856281839726718	57.58536726616757	116.04071785475772	121.92135714836965	143.87182173748062	18.38664811894565	25.04353292328307	71.80226503886854	63.511507815718744
ENSMUSG00000119873.1	snRNA		Gm24497	23.54402582621639	-4.536995147423252	0.8311030024693228	-5.459004640752359	4.788112469789841e-8	6.634955850994493e-7	59.92623585422317	41.006870219350475	43.333494408155474	34.72768110904705	0	2.177698515068093	7.180226503886853	0
ENSMUSG00000119895.1	snRNA		Gm22513	220.2711757404374	-1.7123649822886795	0.3928463090609232	-4.358867431851379	1.3073727472401962e-5	1.0767324606987655e-4	294.01309465978244	343.32347726200874	347.03518826870277	361.16788353408924	61.28882706315217	57.70901064930447	172.32543609328448	125.30648839317482
ENSMUSG00002074849.1	misc_RNA		Gm56246	13.906183396545375	-1.8991214972060484	0.6380028150303362	-2.976666328840176	0.0029140096737905823	0.011943335423564218	12.6406903755002	29.22830111379236	24.23737822829035	21.33271839555747	3.0644413531576085	3.2665477726021397	7.180226503886853	10.299163429576012
ENSMUSG00002074853.1	scaRNA		Scarna3a	1643.8479404739442	1.8540749608411304	0.4409377743475466	4.2048449207705	2.6126123090190947e-5	2.0364379872979193e-4	724.2647411444003	753.8284227557193	722.3473178037442	649.4076367391797	3643.6207689043963	3907.879985289693	1755.5653802003358	993.8692709540852
ENSMUSG00002075177.1	miRNA		Gm55743	37.25403978693056	1.2808601100091805	0.4250204096156525	3.0136437710543524	0.002581307024967958	0.010680004894772641	17.322427551611383	29.22830111379236	19.830582186783015	20.836608665428226	64.35326841630977	74.04174951231516	46.67147227526455	25.74790857394003
ENSMUSG00002075205.1	misc_RNA		Gm56480	102.70127294968576	-1.5176321436906215	0.4319249200949518	-3.5136480278956683	4.4199806122371813e-4	0.0025219889375706272	112.82986594427956	184.96715928728298	147.9949003939547	160.7395525618749	27.579972178418476	29.398929953419255	82.57260479469882	75.52719848355743
ENSMUSG00002075311.1	snRNA		Gm24268	3.790564072772522	-4.27366291064264	1.2545693993954052	-3.4064778821340447	6.580688221875775e-4	0.0033596145132734224	4.681737176111185	10.469839204940547	6.24296105880206	8.929975142326382	0	0	0	0
ENSMUSG00002075524.1	miRNA		Gm55094	4.924924697255675	-3.8635211437213712	1.1502822460334379	-3.358759258472517	7.829324163748072e-4	0.0038398876376135207	7.958953199389015	8.288622703911265	11.016990103768341	10.418304332714113	0	0	0	1.7165272382626688
ENSMUSG00002075551.1	miRNA		Gm55276	3.6574601949506484	3.127538585688429	0.9988901456206026	3.1310135547941695	0.0017420411981843942	0.007604009830074881	0.9363474352222371	0.8724866004117122	1.101699010376834	0	9.193324059472825	3.2665477726021397	3.5901132519434267	10.299163429576012
ENSMUSG00002075735.1	misc_RNA		Gm55516	3.7993321429404783	-4.2745783073243455	1.2569658721440033	-3.4007115086054074	6.721071816421532e-4	0.003411334706823254	11.704342940277963	6.107406202881985	5.141262048425226	7.441645951938653	0	0	0	0
ENSMUSG00002075812.1	miRNA		Gm55252	10.63095930209324	-3.2451990551078986	0.9390236468827197	-3.455929002300419	5.483997468554574e-4	0.002931243363500637	10.767995505055726	29.22830111379236	20.93228119715985	15.379401634006548	0	0	3.5901132519434267	5.149581714788006
ENSMUSG00002076161.1	misc_RNA		Rn7sk	872.3232295768115	-1.8528474860665514	0.6864089499391415	-2.699334684127922	0.006947826493683291	0.023879734366084697	823.0493955603463	1669.5031098878112	1441.022305572899	1529.5062979884576	58.22438570999456	136.1061571917558	811.3655949392145	509.80858976401265
ENSMUSG00002076170.1	miRNA		Gm54763	2.5293244056283917	-3.68494031352108	1.4324099589010753	-2.572545862741777	0.010095357930039394	0.03228295777627982	8.895300634611251	3.0537031014409926	1.8361650172947235	6.449426491680165	0	0	0	0
ENSMUSG00002076201.1	misc_RNA		Gm56181	7.559445315961432	-2.0816773675507463	0.7709323795564501	-2.7002074666372464	0.006929624824344097	0.023879734366084697	9.36347435222237	13.087299006175682	13.9548541314399	11.906633523101844	0	3.2665477726021397	7.180226503886853	1.7165272382626688
ENSMUSG00002076671.1	misc_RNA		Gm54631	6.625422228956037	-3.594973440352394	1.0619410738943715	-3.385285237314379	7.110432552305259e-4	0.0035470900675214235	12.172516657889082	15.704758807410819	10.282524096850452	11.410523792972601	0	0	0	3.4330544765253377
ENSMUSG00002076685.1	misc_RNA		Gm55539	5.531364944923452	-3.974511489927543	1.3428255546570502	-2.959812222923185	0.003078266048710283	0.012499191909414311	17.790601269222503	2.6174598012351367	4.406796041507336	16.371621094265034	3.0644413531576085	0	0	0
ENSMUSG00002076719.1	misc_RNA		Gm56236	3.1154329048696345	4.762544557906097	1.7192041315034392	2.7702030670094224	0.00560213538357496	0.020513793784622248	0	0	0.7344660069178894	0	0	1.0888492575340465	17.950566259717135	5.149581714788006
ENSMUSG00002076882.1	misc_RNA		Gm56284	2.5721533256665357	-3.7171644566348805	1.398799783780658	-2.6573956471369877	0.007874696543364893	0.026238969779990656	7.022605764166777	1.7449732008234244	7.344660069178894	4.464987571163191	0	0	0	0
ENSMUSG00002076956.1	miRNA		Gm55728	2.8831167652092637	4.06779951545566	1.477807692878753	2.7525905671336925	0.005912578981335769	0.02124148745146554	0	0.8724866004117122	0	0.4961097301292435	6.128882706315217	11.977341832874512	3.5901132519434267	0
